"Package","FCOH","CU","CPC","PF","IPSC","DCO","CR","pkgreuse","CyclicDQ","CyclicCQ","CH","COHM","COUM","post"
"com.sun.jdi",0.043120474,0.051577896,0.988135593,0.153030303,0.684769404,3.206349206,0.238095238,0.2929,1,-2.5,0.2929,0.0977,0.1884,0
"com.sun.jdi.connect",0.142857143,0.127943485,1,0.4,0.85,1.75,0.375,0.2929,1,1,0.2929,0.2807,0.4286,0
"com.sun.jdi.connect.spi",0,1,1,1,1,0.666666667,0,0.2929,0,0,0.2929,1,0,0
"com.sun.jdi.event",0.035087719,0.086075066,0.942105263,0.333333333,0.775271512,2,0.6,0.2929,1,1,0.2929,0.181,0.2963,0
"com.sun.jdi.request",0.071691176,0.110099011,1,0.254901961,0.785112564,2.166666667,0.333333333,0.2929,1,1,0.2929,0.0998,0.2632,0
"org.apache.lucene.demo.html",0,1,1,1,1,0.1,0.2,0.2929,0,0,0.4169,0.7755,0.05,1
"org.eclipse.ant.core",0.118421053,0.06417414,0.654545455,0.27972028,0.810650888,3.636363636,0.181818182,0.2929,1,0.96,0.2929,0.0277,0.5667,4
"org.eclipse.ant.internal.core",0.076923077,0.055555556,1,0.333333333,0.888888889,1.666666667,0.333333333,0.2929,1,1,0.2929,0.04,0.9,0
"org.eclipse.ant.internal.core.ant",0,1,1,1,0,0,0.375,0.2929,1,1,0.2929,0.3226,0.2308,3
"org.eclipse.ant.internal.ui.antsupport",0.083333333,0.111111111,1,0.625,0.8125,0.714285714,0.571428571,0.2929,0,0,0.2929,0.7368,0.125,2
"org.eclipse.ant.internal.ui.antsupport.inputhandler",0,1,1,1,0,0,0,0.2929,1,1,0.2929,0,1,0
"org.eclipse.ant.internal.ui.antsupport.logger",0,1,1,1,0,0,0.25,0.2929,1,1,0.2929,0.087,0.8182,3
"org.eclipse.ant.internal.ui.console",0,1,1,1,0,0,0,0.2929,1,1,0.2929,0,1,2
"org.eclipse.ant.internal.ui.datatransfer",0,1,1,1,0,0,0,0.2929,1,1,0.2929,0.0597,0.84,10
"org.eclipse.ant.internal.ui.dtd",0.170454545,0.1996337,0.928571429,0.8125,0.886904762,1.444444444,0.111111111,0.2929,1,0.5,0.2929,0.3939,0.1875,0
"org.eclipse.ant.internal.ui.dtd.schema",0,0.333333333,1,1,1,0.181818182,0,0.2929,1,1,0.2929,0.3509,0.1304,0
"org.eclipse.ant.internal.ui.dtd.util",0.194444444,0.333333333,1,1,1,0.5,0.1,0.2929,0,0,0.2929,0.5672,0.05,0
"org.eclipse.ant.internal.ui.editor",0,0.010416667,0.333333333,0.416666667,0.96875,0.5,0,0.2929,0.995,0.9751,0.2929,0.0473,0.6842,18
"org.eclipse.ant.internal.ui.editor.derived",0,1,1,1,1,0.166666667,0,0.2929,1,1,0.2929,0.1481,0.6667,1
"org.eclipse.ant.internal.ui.editor.formatter",0.166666667,0.010839471,0.4,0.466666667,1,1.166666667,0.166666667,0.2929,0.9783,0.9783,0.2929,0.1092,0.4839,3
"org.eclipse.ant.internal.ui.editor.model",0.2625,0.030049049,1,0.464285714,0.751360544,2.888888889,0.111111111,0.2929,0.9231,0.8462,0.2929,0.0462,0.5484,3
"org.eclipse.ant.internal.ui.editor.outline",0.044982699,0.024928245,0.611111111,0.277777778,0.73046875,1.111111111,0.333333333,0.2929,0.9528,0.8268,0.4528,0.0687,0.425,13
"org.eclipse.ant.internal.ui.editor.templates",0.1,0.017094017,0.666666667,0.388888889,0.911111111,0.636363636,0.272727273,0.2929,0.9888,0.9888,0.2929,0.0763,0.7059,2
"org.eclipse.ant.internal.ui.editor.text",0.054166667,0.025978762,1,0.269230769,0.780982906,0.84,0.16,0.2929,1,1,0.2929,0.0983,0.5517,10
"org.eclipse.ant.internal.ui.editor.tools",0,1,1,1,0,0,0,0.2929,1,1,0.2929,0,1,1
"org.eclipse.ant.internal.ui.editor.utils",0,1,1,1,1,0.5,0,0.2929,0,-6,0.5,0.5833,0.2222,5
"org.eclipse.ant.internal.ui.launchConfigurations",0.022727273,0.023767007,0.285714286,0.25,0.954081633,0.411764706,0.205882353,0.2929,1,0.9912,0.2929,0.1109,0.4274,8
"org.eclipse.ant.internal.ui.model",0.109819121,0.029878734,0.964285714,0.4296875,0.726497396,5.5,0.3,0.2929,0.9853,0.9559,0.2929,0.0125,0.7407,3
"org.eclipse.ant.internal.ui.preferences",0.001422475,0.011320755,0.6,0.275,1,0.289473684,0,0.2929,1,0.9757,0.2929,0.1479,0.3092,5
"org.eclipse.ant.internal.ui.views",0,1,1,1,1,0.333333333,0,0.2929,0.9223,0.9029,0.2929,0.0115,0.7778,2
"org.eclipse.ant.internal.ui.views.actions",0.35,0.047619048,1,0.5625,0.78125,0.818181818,0.090909091,0.2929,0.9554,0.949,0.2929,0.0478,0.7391,2
"org.eclipse.ant.internal.ui.views.elements",0.305555556,0.043067227,1,0.875,0.9375,1.4,0.2,0.2929,1,0.6667,0.2929,0.0979,0.4615,1
"org.eclipse.compare",0.064685315,0.022635916,0.865800866,0.272727273,0.640859299,3.913043478,0.304347826,0.2929,0.9682,0.9299,0.2929,0.0276,0.4444,2
"org.eclipse.compare.contentmergeviewer",0.057692308,0.014446334,0.6,0.366666667,0.875,2.2,0,0.2929,0.9853,0.9338,0.4867,0.0255,0.7045,2
"org.eclipse.compare.internal",0.026203209,0.016437522,0.507526882,0.177419355,0.764253394,0.982142857,0.303571429,0.2929,0.9849,0.957,0.2929,0.0579,0.2932,0
"org.eclipse.compare.internal.merge",0,1,1,1,0,0,0.333333333,0.2929,1,1,0.2929,0.2,0.6,0
"org.eclipse.compare.internal.patch",0,1,1,1,0,0,0.1,0.2929,1,0.9333,0.2929,0.1667,0.4894,0
"org.eclipse.compare.rangedifferencer",0.208333333,0.155290965,1,0.833333333,0.916666667,2,0,0.2929,1,1,0.2929,0.2308,0.5,0
"org.eclipse.compare.structuremergeviewer",0.067164179,0.020482428,0.871794872,0.349112426,0.693226005,4.538461538,0.076923077,0.2929,1,0.8676,0.3324,0.0614,0.4561,0
"org.eclipse.core.boot",0.0625,0.005701754,0.333333333,0.388888889,0.9375,4.666666667,0.333333333,0.2929,1,1,0.2929,0.0676,0.7727,0
"org.eclipse.core.expressions",0.153594771,0.176227569,1,0.358974359,0.851577909,4.2,0.3,0.2929,0.9583,0.875,0.2929,0.0598,0.6538,1
"org.eclipse.core.filebuffers",0.184782609,0.077471953,0.945454545,0.397129187,0.759141274,7.545454545,0.363636364,0.2929,1,1,0.2929,0.0212,0.7419,0
"org.eclipse.core.internal.boot",0.106060606,0.011676413,0.5,0.458333333,0.87962963,1.571428571,0.571428571,0.2929,1,0.8824,0.2929,0.1468,0.5556,0
"org.eclipse.core.internal.compatibility",0,1,1,1,0,0,0,0.2929,1,1,0.2929,0,1,1
"org.eclipse.core.internal.content",0.033333333,0.009259259,0.166666667,0.333333333,1,0.363636364,0,0.2929,0.9825,0.8772,0.2929,0.1658,0.36,2
"org.eclipse.core.internal.dependencies",0.316666667,0.090909091,1,1,1,0.5,0.0625,0.2929,0,0,0.2929,0.5126,0.0192,0
"org.eclipse.core.internal.dtree",0.109375,0.165850816,1,0.590909091,0.795454545,0.764705882,0.117647059,0.2929,1,0.0769,0.2929,0.3045,0.0563,0
"org.eclipse.core.internal.events",0.051903114,0.033977273,0.833333333,0.388888889,0.909090909,0.777777778,0.055555556,0.2929,0.9812,0.95,0.2929,0.1023,0.2453,4
"org.eclipse.core.internal.expressions",0.030769231,0.0625,1,1,1,0.222222222,0.148148148,0.2929,0.99,0.97,0.2929,0.3622,0.0548,1
"org.eclipse.core.internal.filebuffers",0,0,0,0.5,1,0.181818182,0,0.2929,1,0.9231,0.2929,0.1852,0.2105,0
"org.eclipse.core.internal.indexing",0.048245614,0.130357143,1,0.9,0.95,0.230769231,0.128205128,0.2929,1,-9.6667,0.3818,0.6775,0.0157,0
"org.eclipse.core.internal.jobs",0.0125,0.012048193,1,0.5,0.875,0.352941176,0,0.2929,0.9551,0.7978,0.5,0.194,0.1702,3
"org.eclipse.core.internal.localstore",0.056022409,0.04,1,1,1,0.363636364,0.136363636,0.2929,0.9721,0.905,0.2929,0.0956,0.1077,1
"org.eclipse.core.internal.model",0.125,0.047619048,0.333333333,0.5,1,0.6,0.2,0.2929,0.98,0.94,0.2929,0.0685,0.5455,0
"org.eclipse.core.internal.plugins",0.027777778,0.027777778,0.166666667,0.3125,1,0.5,0.1,0.2929,0.9872,0.9231,0.2929,0.0972,0.5,1
"org.eclipse.core.internal.preferences",0,0.000364697,0.166666667,0.291666667,0.986111111,0.636363636,0,0.2929,0.9821,0.9464,0.2929,0.0708,0.4444,12
"org.eclipse.core.internal.properties",0,0.060952381,0.666666667,0.666666667,0.75,0.444444444,0.222222222,0.2929,0.9661,0.9661,0.2929,0.0806,0.3333,0
"org.eclipse.core.internal.refresh",0,0,0,0.5,1,0.6,0,0.2929,1,0.9394,0.2929,0.0909,0.5263,1
"org.eclipse.core.internal.registry",0.235294118,0.025,1,1,1,0.277777778,0.111111111,0.2929,1,0.9121,0.2929,0.3292,0.0833,6
"org.eclipse.core.internal.resources",0.028250774,0.068106448,0.613793103,0.247619048,0.723556089,0.675324675,0.090909091,0.2929,0.9819,0.8484,0.2929,0.1406,0.063,9
"org.eclipse.core.internal.resources.refresh.win32",0,1,1,1,0,0,0.75,0.2929,1,0.95,0.2929,0.2308,0.5385,0
"org.eclipse.core.internal.runtime",0.027042254,0.052889871,0.672727273,0.229946524,0.796548031,1.653846154,0,0.2929,0.9507,0.8662,0.2929,0.0287,0.4878,5
"org.eclipse.core.internal.utils",0.031481481,0.069246117,0.75,0.296296296,0.765432099,1.846153846,0,0.2929,1,0.7143,0.2929,0.032,0.4783,2
"org.eclipse.core.internal.variables",0,1,1,1,1,0.142857143,0,0.2929,0.9744,0.8974,0.4615,0.2031,0.1875,1
"org.eclipse.core.internal.watson",0.03125,0.030017094,0.688888889,0.4,0.75462963,0.705882353,0.294117647,0.2929,1,0.8,0.2929,0.0982,0.1463,0
"org.eclipse.core.launcher",0,1,1,1,0,0,0,0.2929,0,0,0.2929,1,1,0
"org.eclipse.core.resources",0.045272178,0.037077497,0.916666667,0.153947368,0.640675256,38.025,0.2,0.2929,0.9691,0.7835,0.2929,0.0028,0.7734,5
"org.eclipse.core.resources.ant",0,1,1,1,0,0,0,0.2929,1,1,0.2929,0.0667,0.6,1
"org.eclipse.core.resources.refresh",0.416666667,0.121428571,1,1,1,2,0.333333333,0.5,1,1,0.5,0.1667,0.5714,0
"org.eclipse.core.resources.team",0.155555556,0.041506734,1,0.541666667,0.761574074,3.25,0,0.3491,1,1,0.3491,0.014,0.8333,1
"org.eclipse.core.runtime",0.037398315,0.042269673,0.893902439,0.161530923,0.599385487,72.36585366,0.146341463,0.2929,0.8718,0.5641,0.2929,0.0055,0.8385,6
"org.eclipse.core.runtime.adaptor",0.043478261,0.038461538,0.5,0.5,1,0.166666667,0.083333333,0.2929,1,0.8743,0.4925,0.2705,0.2604,15
"org.eclipse.core.runtime.adaptor.testsupport",0,1,1,1,0,0,0.666666667,0.2929,1,1,0.2929,0.1429,0.8,0
"org.eclipse.core.runtime.content",0.160714286,0.09804551,1,0.4,0.796296296,4.285714286,0.142857143,0.2929,1,0.9167,0.2929,0.092,0.6,0
"org.eclipse.core.runtime.jobs",0.037037037,0.081652407,0.836363636,0.165909091,0.836596354,13.27272727,0.090909091,0.297,0.8235,0.8235,0.297,0.0151,0.8315,2
"org.eclipse.core.runtime.model",0.416666667,0.150589226,1,0.583333333,0.781746032,1.615384615,0,0.2929,0.8571,0.1429,0.473,0.25,0.1556,0
"org.eclipse.core.runtime.preferences",0.116402116,0.078400882,1,0.238461538,0.829980276,3.1,0.3,0.3195,1,0.875,0.3195,0.0794,0.6,1
"org.eclipse.core.variables",0.176691729,0.25020037,1,0.366666667,0.843703704,5.5,0.25,0.3161,0.875,0.875,0.3161,0.0545,0.6296,0
"org.eclipse.debug.core",0.049367299,0.037201068,0.854700855,0.203427308,0.637506533,13.62962963,0.296296296,0.2929,0.8795,0.759,0.2929,0.0071,0.6047,7
"org.eclipse.debug.core.model",0.030578656,0.020302878,0.588394062,0.155982906,0.641466312,7.3,0.15,0.2929,0.9518,0.8434,0.2929,0.0357,0.453,4
"org.eclipse.debug.core.sourcelookup",0.065656566,0.040422892,0.688888889,0.286666667,0.752074074,4.3,0.2,0.2929,1,0.8214,0.2929,0.072,0.4762,1
"org.eclipse.debug.core.sourcelookup.containers",0.047727273,0.063623994,0.803030303,0.325757576,0.845454545,3.583333333,0,0.2929,0.987,0.987,0.2929,0.0308,0.6538,2
"org.eclipse.debug.internal.core",0.033492823,0.010314247,0.761904762,0.265306122,0.87755102,0.65,0.1,0.2929,0.9811,0.8774,0.2929,0.1486,0.1746,9
"org.eclipse.debug.internal.core.memory",0.051515152,0.035714286,1,0.55,0.775,0.6875,0.1875,0.2929,0.9762,0.881,0.2929,0.189,0.1622,4
"org.eclipse.debug.internal.core.sourcelookup",0.033333333,0.035990712,1,0.75,0.875,1.2,0,0.2929,0.9474,0.8947,0.2929,0.0741,0.75,0
"org.eclipse.debug.internal.core.sourcelookup.containers",0,1,1,1,1,0.25,0,0.2929,0.9844,0.9844,0.2929,0.0252,0.7778,0
"org.eclipse.debug.internal.ui",0.032135628,0.016787509,0.647058824,0.221925134,0.683441558,3.074074074,0.185185185,0.2929,0.9803,0.9488,0.2929,0.0064,0.6082,10
"org.eclipse.debug.internal.ui.actions",0.008403361,0.00801831,0.189542484,0.211111111,0.94,0.220930233,0.244186047,0.2929,0.9942,0.9913,0.2929,0.0904,0.3413,12
"org.eclipse.debug.internal.ui.launchConfigurations",0.038709677,0.012476045,0.551282051,0.384615385,0.526041667,0.625,0.09375,0.2929,0.9914,0.9721,0.2929,0.0725,0.3043,6
"org.eclipse.debug.internal.ui.preferences",0,0.007751938,0.333333333,0.361111111,0.965277778,1.444444444,0.111111111,0.2929,1,0.9845,0.2929,0.0767,0.6957,2
"org.eclipse.debug.internal.ui.sourcelookup",0.022222222,0.012454906,0.333333333,0.388888889,0.888888889,0.269230769,0.038461538,0.2929,0.9925,0.9812,0.2929,0.1243,0.4268,5
"org.eclipse.debug.internal.ui.sourcelookup.browsers",0,1,1,1,0,0,0.727272727,0.2929,1,1,0.2929,0.031,0.8462,0
"org.eclipse.debug.internal.ui.stringsubstitution",0.00952381,0.002252252,0.166666667,0.291666667,1,0.4375,0.5625,0.2929,1,1,0.2929,0.0642,0.6,3
"org.eclipse.debug.internal.ui.views",0.087301587,0.030003458,0.857142857,0.392857143,0.833333333,2.75,0.125,0.2929,1,0.9388,0.2929,0.0201,0.75,2
"org.eclipse.debug.internal.ui.views.breakpoints",0,1,1,1,1,0.25,0,0.2929,0.9722,0.9444,0.5,0.032,0.8,8
"org.eclipse.debug.internal.ui.views.console",0,0,0,0.5,1,0.157894737,0.052631579,0.2929,0.9962,0.9731,0.4833,0.1128,0.4667,15
"org.eclipse.debug.internal.ui.views.expression",0,1,1,1,0,0,0,0.2929,1,0.9919,0.2929,0.0371,0.7813,6
"org.eclipse.debug.internal.ui.views.launch",0,0,0,0.5,1,0.3,0.1,0.2929,0.991,0.9685,0.2929,0.0308,0.6809,6
"org.eclipse.debug.internal.ui.views.memory",0.022222222,0.017241379,1,1,1,0.043478261,0.108695652,0.2929,1,0.9458,0.2929,0.257,0.1647,9
"org.eclipse.debug.internal.ui.views.registers",0,1,1,1,0,0,0,0.2929,1,1,0.2929,0.0968,0.7857,0
"org.eclipse.debug.internal.ui.views.variables",0.021428571,0.030566535,0.666666667,0.375,0.88125,0.6,0.066666667,0.2929,0.9909,0.9545,0.2929,0.0373,0.5357,1
"org.eclipse.debug.ui",0.039738562,0.021708119,0.764705882,0.202842377,0.70835009,8.722222222,0.111111111,0.2929,0.9843,0.9646,0.2929,0.0077,0.7009,8
"org.eclipse.debug.ui.actions",0.002849003,0.023133272,1,0.458333333,0.819444444,0.785714286,0.214285714,0.2929,1,0.9932,0.2929,0.0274,0.6786,3
"org.eclipse.debug.ui.console",0.14,0.040826622,0.952380952,0.392857143,0.794791667,3.142857143,0.142857143,0.2929,1,1,0.2929,0.0475,0.72,3
"org.eclipse.debug.ui.sourcelookup",0.010869565,0.013116883,0.4,0.3,0.953703704,1.8,0,0.2929,1,1,0.2929,0.0065,0.9545,0
"org.eclipse.help",0.102564103,0.032765646,0.535714286,0.328125,0.805924479,5.25,0.375,0.2929,1,1,0.2929,0.0918,0.6897,0
"org.eclipse.help.browser",0.333333333,0.125816993,1,0.75,0.875,6,0,0.441,0,0,0.441,0.2,0.8,0
"org.eclipse.help.internal",0.166666667,0.056362773,0.666666667,0.392857143,0.807823129,5.5,0.25,0.2929,0.8235,0.8235,0.2929,0.0086,0.9048,0
"org.eclipse.help.internal.appserver",0,0.041666667,0.166666667,0.333333333,1,0.666666667,0,0.2929,1,1,0.2929,0.1138,0.4615,1
"org.eclipse.help.internal.base",0.0859375,0.060238706,1,0.404761905,0.742687075,3.777777778,0.222222222,0.2929,0.9636,0.8909,0.2929,0.0268,0.6279,1
"org.eclipse.help.internal.base.util",0,0,0,0.333333333,1,2,0,0.2929,1,1,0.2929,0,1,0
"org.eclipse.help.internal.browser",0.05,0.058823529,1,0.466666667,0.893333333,0.777777778,0,0.2929,1,0.8718,0.2929,0.119,0.4737,0
"org.eclipse.help.internal.browser.macosx",0,1,1,1,0,0,0,0.2929,1,1,0.2929,0.125,0.8,0
"org.eclipse.help.internal.context",0.016666667,0.011904762,0.333333333,0.35,0.94,0.636363636,0.272727273,0.2929,0.9545,0.5,0.2929,0.3514,0.2571,1
"org.eclipse.help.internal.model",0.0625,0.073214286,1,0.6,0.792592593,1.8,0.8,0.3991,1,1,0.3991,0.25,0.5,0
"org.eclipse.help.internal.protocols",0,1,1,1,1,1.5,0,0.2929,1,1,0.2929,0.087,0.875,1
"org.eclipse.help.internal.search",0.06,0.071995465,1,0.714285714,0.824404762,0.769230769,0.076923077,0.2929,0.9846,0.9231,0.2929,0.2438,0.2542,3
"org.eclipse.help.internal.standalone",0.166666667,1,1,1,1,0.428571429,0.142857143,0.2929,1,0.5,0.2929,0.5652,0.1333,1
"org.eclipse.help.internal.toc",0.018181818,0.080555556,1,0.458333333,0.885416667,0.916666667,0,0.2929,0.9706,0.3529,0.2929,0.2319,0.2258,1
"org.eclipse.help.internal.util",0.045454545,0.065343915,0.666666667,0.5,0.859375,4,0,0.2929,0.9167,0.9167,0.2929,0,1,0
"org.eclipse.help.internal.webapp",0.166666667,0.077380952,1,1,1,2,0,0.5,1,1,0.5,0,1,0
"org.eclipse.help.internal.webapp.data",0.008333333,0.071428571,1,1,1,0.1875,0.0625,0.2929,1,1,0.2929,0.2651,0.2667,3
"org.eclipse.help.internal.webapp.servlet",0,1,1,1,1,0.066666667,0.2,0.2929,1,0.9841,0.2929,0.1762,0.4516,3
"org.eclipse.help.internal.workingset",0.258333333,0.070601261,1,0.464285714,0.783333333,2.888888889,0.222222222,0.2929,0.95,0.85,0.2929,0.1345,0.3514,0
"org.eclipse.help.standalone",0,1,1,1,0,0,0,0.2929,1,1,0.2929,0,1,0
"org.eclipse.help.ui.browser",0,1,1,1,0,0,0,0.2929,1,1,0.2929,0,1,0
"org.eclipse.help.ui.internal",0.069444444,0.0509364,0.666666667,0.5,0.770833333,0.615384615,0.076923077,0.2929,0.9922,0.9844,0.2929,0.0902,0.6222,2
"org.eclipse.help.ui.internal.browser",0,1,1,1,0,0,0,0.2929,1,1,0.2929,0.027,0.9444,1
"org.eclipse.help.ui.internal.browser.embedded",0,1,1,1,0,0,0,0.2929,1,1,0.3195,0.0476,0.8571,0
"org.eclipse.help.ui.internal.ide",0.5,0.050099206,1,0.833333333,0.916666667,1.666666667,0.333333333,0.441,1,1,0.441,0.0364,0.8333,0
"org.eclipse.help.ui.internal.search",0,1,1,1,0,0,0.181818182,0.2929,1,0.963,0.2929,0.122,0.5833,0
"org.eclipse.help.ui.internal.util",0,1,1,1,1,2,0,0.2929,0.9565,0.9565,0.441,0.0185,0.9286,0
"org.eclipse.help.ui.internal.workingset",0,1,1,1,1,0.2,0,0.2929,1,0.9692,0.5,0.0769,0.7273,0
"org.eclipse.jdi",0.111111111,0.044857126,1,0.5,0.833333333,3,0.333333333,0.2929,0.8333,0.8333,0.2929,0,1,0
"org.eclipse.jdi.hcr",0.08,0.027555301,0.466666667,0.458333333,0.90625,1.833333333,0.333333333,0.2929,1,1,0.2929,0.069,0.8333,0
"org.eclipse.jdi.internal",0.01298233,0.075489094,0.712121212,0.319444444,0.720238095,0.479166667,0.020833333,0.2929,0.9682,0.5223,0.499,0.1171,0.0605,2
"org.eclipse.jdi.internal.connect",0.175,0.052631579,1,0.5625,0.78125,0.818181818,0,0.2929,0.8696,0.7391,0.2929,0.2836,0.1522,0
"org.eclipse.jdi.internal.event",0.0375,0.107142857,0.857142857,0.5,1,0.666666667,0,0.2929,0.9811,0.8491,0.2929,0.1483,0.2128,0
"org.eclipse.jdi.internal.jdwp",0.139784946,0.053683125,1,0.361111111,0.798611111,1.368421053,0.421052632,0.2929,0.8571,0.5714,0.2929,0.1622,0.2174,0
"org.eclipse.jdi.internal.request",0.002941176,0.1,1,0.666666667,0.833333333,0.222222222,0,0.2929,0.9823,0.9469,0.5,0.1649,0.1739,0
"org.eclipse.jdi.internal.spy",0,1,1,1,0,0,0,0.2929,0,0,0.3991,1,0,0
"org.eclipse.jdt.core",0.0545143,0.02135626,0.868013468,0.188142292,0.574844687,24.20338983,0.169491525,0.2929,0.9216,0.7908,0.2929,0.006,0.4636,12
"org.eclipse.jdt.core.compiler",0.090073529,0.032415429,1,0.477966102,0.787211529,28.2,0.2,0.2986,1,1,0.2986,0.0142,0.9792,12
"org.eclipse.jdt.core.dom",0.088675214,0.051785903,0.997069597,0.207407407,0.697655493,7.84,0.024,0.2929,1,-1.034,0.4994,0.0412,0.0357,44
"org.eclipse.jdt.core.dom.rewrite",0.182692308,0.023731943,1,0.533333333,0.856666667,5.333333333,0,0.354,1,0.92,0.5909,0.0044,0.8235,1
"org.eclipse.jdt.core.eval",0.214285714,0.081349206,1,0.533333333,0.846666667,2.666666667,0,0.3597,0.9,0.9,0.3597,0.0364,0.8182,0
"org.eclipse.jdt.core.formatter",0.108695652,0.057120427,1,0.705882353,0.878892734,12,0.5,0.4199,0.5,0.5,0.4199,0,1,2
"org.eclipse.jdt.core.jdom",0.132231405,0.057952686,1,0.916666667,0.958333333,1.833333333,0,0.441,1,1,0.441,0.1441,0.1724,0
"org.eclipse.jdt.core.search",0.068313953,0.030584776,0.878947368,0.194791667,0.71418668,8.904761905,0.476190476,0.2929,0.935,0.8943,0.2929,0.01,0.6132,3
"org.eclipse.jdt.core.util",0.1125,0.023958595,0.88045977,0.195238095,0.848153547,1,0.146341463,0.2929,1,1,0.2929,0.3161,0.1746,1
"org.eclipse.jdt.debug.core",0.054259635,0.033700206,0.898850575,0.261111111,0.614857959,6.266666667,0.1,0.2929,0.9565,0.8116,0.2929,0.0334,0.3168,3
"org.eclipse.jdt.debug.eval",0.166666667,0.027442526,0.80952381,0.412698413,0.736831276,3.714285714,0.142857143,0.2929,1,1,0.2929,0.0778,0.6,0
"org.eclipse.jdt.debug.ui",0,0.021654957,1,0.6875,0.8828125,3.666666667,0.333333333,0.2929,0.9773,0.9773,0.441,0.0106,0.96,0
"org.eclipse.jdt.debug.ui.launchConfigurations",0.09375,0.02057024,1,0.333333333,0.782407407,1.777777778,0,0.2929,0.9906,0.9843,0.2929,0.0041,0.9211,1
"org.eclipse.jdt.internal.antadapter",1,1,1,1,1,1,0,0.5,0,0,0.2929,1,1,0
"org.eclipse.jdt.internal.codeassist",0.128205128,0.028132388,1,0.5,0.828125,1.714285714,0.285714286,0.2929,0.9885,0.9828,0.2929,0.0129,0.6786,10
"org.eclipse.jdt.internal.codeassist.complete",0.870967742,0.052631579,1,1,1,0.875,0.03125,0.2929,1,1,0.2929,0.1692,0.1515,7
"org.eclipse.jdt.internal.codeassist.impl",0.277777778,0.056578947,1,0.45,0.87,2.25,0.25,0.3597,1,1,0.3597,0.0136,0.875,6
"org.eclipse.jdt.internal.codeassist.select",0.294117647,0.052631579,1,1,1,0.333333333,0,0.2929,1,1,0.3384,0.1573,0.2632,3
"org.eclipse.jdt.internal.compiler",0.033001808,0.027937196,0.730769231,0.230769231,0.764384334,5.2,0.066666667,0.2929,0.6383,0.6255,0.2929,0.0037,0.6429,11
"org.eclipse.jdt.internal.compiler.ast",0.071433322,0.034379146,0.952104811,0.339175258,0.58425753,6.714285714,0.06122449,0.2929,0.8256,0.7833,0.2929,0.0234,0.092,42
"org.eclipse.jdt.internal.compiler.batch",0,1,1,1,1,0.5,0.166666667,0.2929,1,0.9333,0.473,0.2247,0.5,3
"org.eclipse.jdt.internal.compiler.classfmt",0.074712644,0.039834166,1,0.3125,0.87109375,4.285714286,0.142857143,0.2929,1,1,0.2929,0.0698,0.6667,1
"org.eclipse.jdt.internal.compiler.codegen",0.0325,0.027962963,0.733333333,0.35,0.720238095,1.3125,0.25,0.2929,0.8519,0.7037,0.4901,0.0141,0.3611,1
"org.eclipse.jdt.internal.compiler.env",0.079400749,0.032040583,1,0.3025,0.658777576,7.5625,0.125,0.3069,1,1,0.3069,0.0928,0.5909,0
"org.eclipse.jdt.internal.compiler.flow",0.139344262,0.033536674,1,0.375,0.75,1.363636364,0,0.2929,0.9565,0.8696,0.2929,0.0312,0.2778,1
"org.eclipse.jdt.internal.compiler.impl",0.026811594,0.030521111,0.717948718,0.156410256,0.790944444,4.692307692,0,0.2929,0.8235,-0.2353,0.2929,0.0285,0.6786,0
"org.eclipse.jdt.internal.compiler.lookup",0.095041795,0.04104299,0.963492063,0.314814815,0.655649467,6.476190476,0.238095238,0.2929,0.7415,0.1973,0.4993,0.0273,0.1111,32
"org.eclipse.jdt.internal.compiler.parser",0.065517241,0.036264069,0.602339181,0.210526316,0.64982197,3.80952381,0.238095238,0.2929,0.9715,0.8496,0.2929,0.0288,0.3152,31
"org.eclipse.jdt.internal.compiler.parser.diagnose",0.5,0.033333333,1,1,1,0.666666667,0,0.2929,0.95,0.9,0.2929,0.2051,0.5,0
"org.eclipse.jdt.internal.compiler.problem",0.041181041,0.028378658,0.777777778,0.256521739,0.722859843,5.9,0.5,0.2929,0.5979,0.5773,0.2929,0.0019,0.775,16
"org.eclipse.jdt.internal.compiler.util",0.030434783,0.019063318,0.527272727,0.202479339,0.766405943,4.454545455,0.363636364,0.2929,0.8889,0.8889,0.2929,0.0157,0.92,2
"org.eclipse.jdt.internal.core",0.018032787,0.016327498,0.496969697,0.145679012,0.749037536,0.975206612,0.05785124,0.2929,0.9881,0.8927,0.2929,0.1045,0.0734,25
"org.eclipse.jdt.internal.core.builder",0.015151515,0.014164697,0.3,0.4,0.888888889,0.260869565,0.347826087,0.2929,0.994,0.9222,0.4575,0.2454,0.1868,2
"org.eclipse.jdt.internal.core.dom.rewrite",0.3125,0.052077882,1,0.80952381,0.892063492,1.307692308,0,0.2929,1,0.9757,0.2929,0.0946,0.1864,2
"org.eclipse.jdt.internal.core.eval",0,1,1,1,1,0.333333333,0,0.2929,0.9787,0.9787,0.441,0.0296,0.8571,0
"org.eclipse.jdt.internal.core.hierarchy",0.015873016,0.007092199,0.333333333,0.444444444,0.944444444,0.4,0.1,0.2929,1,0.9461,0.2929,0.0608,0.4894,1
"org.eclipse.jdt.internal.core.index",0.111111111,0.037037037,1,0.666666667,0.888888889,1,0.25,0.2929,0.96,0.64,0.5,0.057,0.45,2
"org.eclipse.jdt.internal.core.jdom",0.028571429,0.06,0.3,0.333333333,1,0.333333333,0.066666667,0.2929,1,0.9608,0.2929,0.2269,0.2321,1
"org.eclipse.jdt.internal.core.search",0.125,0.015524581,0.636363636,0.381818182,0.81,1.909090909,0.181818182,0.2929,0.9764,0.9764,0.2929,0.0319,0.6538,2
"org.eclipse.jdt.internal.core.search.indexing",0.013333333,0.03511921,0.666666667,0.357142857,0.758503401,0.9375,0.0625,0.2929,0.9545,0.8333,0.2929,0.0893,0.3788,4
"org.eclipse.jdt.internal.core.search.matching",0.076923077,0.016527313,1,0.375,0.73125,0.6,0.1,0.2929,0.9909,0.9274,0.468,0.1228,0.1627,18
"org.eclipse.jdt.internal.core.search.processing",0.111111111,0.038069382,1,0.75,0.875,4.5,0,0.441,1,0.8333,0.75,0.0274,0.8182,0
"org.eclipse.jdt.internal.core.util",0.010127128,0.011189325,0.323529412,0.162629758,0.757900807,1.175,0.125,0.2929,0.9843,0.978,0.2929,0.0195,0.4091,14
"org.eclipse.jdt.internal.corext",0.028846154,0.01667079,0.6,0.286486486,0.866325785,10.6,0.4,0.2929,1,1,0.2929,0.0034,0.9767,0
"org.eclipse.jdt.internal.corext.callhierarchy",0.044871795,0.023255814,1,1,1,0.285714286,0,0.2929,1,0.9381,0.441,0.1313,0.3023,0
"org.eclipse.jdt.internal.corext.codemanipulation",0.038359788,0.007606487,0.549019608,0.141203704,0.746701389,3.210526316,0.157894737,0.2929,1,0.9973,0.2929,0.0241,0.4848,2
"org.eclipse.jdt.internal.corext.dom",0.061065574,0.027682079,0.824561404,0.190283401,0.735075021,4.476190476,0.095238095,0.2929,0.998,0.9882,0.2929,0.006,0.5616,5
"org.eclipse.jdt.internal.corext.dom.fragments",0.175,0.03030303,1,1,1,0.333333333,0.222222222,0.2929,1,0.9714,0.468,0.2011,0.24,0
"org.eclipse.jdt.internal.corext.javadoc",0.05,0.005,0.333333333,0.407407407,0.962962963,2.2,0,0.2929,0.9661,0.9661,0.2929,0.024,0.8261,0
"org.eclipse.jdt.internal.corext.refactoring",0.091309131,0.016800035,0.555555556,0.273333333,0.745195767,4.1,0,0.2929,1,1,0.2929,0.0039,0.8125,3
"org.eclipse.jdt.internal.corext.refactoring.base",0.035,0.021552485,0.7,0.366666667,0.840277778,4.4,0.4,0.2929,1,0.9211,0.2929,0.0084,0.8519,0
"org.eclipse.jdt.internal.corext.refactoring.changes",0.026811594,0.014032901,0.475,0.20625,0.758107143,1.064516129,0,0.2929,1,0.9907,0.2929,0.0289,0.4898,1
"org.eclipse.jdt.internal.corext.refactoring.code",0.0032,0.013552722,1,0.46,0.762,0.884615385,0.038461538,0.2929,1,0.9883,0.2929,0.0177,0.4024,5
"org.eclipse.jdt.internal.corext.refactoring.code.flow",0.094736842,0.027191558,1,0.875,0.9375,0.35,0.2,0.2929,1,1,0.2929,0.2276,0.0896,0
"org.eclipse.jdt.internal.corext.refactoring.nls",0.0375,0.011114187,0.571428571,0.30952381,0.805555556,0.764705882,0,0.2929,1,0.9602,0.2929,0.1058,0.4507,1
"org.eclipse.jdt.internal.corext.refactoring.nls.changes",0.055555556,0.016393443,1,0.625,0.90625,1.25,0,0.2929,1,0.9459,0.2929,0.0645,0.7059,0
"org.eclipse.jdt.internal.corext.refactoring.participants",0.166666667,0.031947262,1,0.777777778,0.851851852,1.4,0.2,0.2929,1,1,0.2929,0.0061,0.9231,0
"org.eclipse.jdt.internal.corext.refactoring.rename",0.066252588,0.022337782,0.492647059,0.25,0.840340909,1.545454545,0,0.2929,1,1,0.2929,0.0224,0.4677,1
"org.eclipse.jdt.internal.corext.refactoring.reorg",0.015555556,0.012297536,0.5,0.180555556,0.872240928,1,0.192307692,0.2929,1,1,0.2929,0.0607,0.3579,3
"org.eclipse.jdt.internal.corext.refactoring.sef",0,1,1,1,1,1,0,0.2929,1,0.9811,0.5,0.0047,0.913,2
"org.eclipse.jdt.internal.corext.refactoring.structure",0.001672241,0.008777644,0.58974359,0.320512821,0.87808642,1.041666667,0.083333333,0.2929,1,0.9933,0.2929,0.0201,0.3978,12
"org.eclipse.jdt.internal.corext.refactoring.surround",0.125,0.016666667,1,0.75,0.875,0.6,0.2,0.2929,1,1,0.2929,0.0367,0.7778,0
"org.eclipse.jdt.internal.corext.refactoring.tagging",0.180555556,0.024042486,0.7,0.56,0.86,2.8,0,0.2929,1,1,0.2929,0,1,1
"org.eclipse.jdt.internal.corext.refactoring.typeconstraints",0.306818182,0.027777778,1,0.529411765,0.764705882,0.782608696,0.217391304,0.2929,1,1,0.2929,0.1097,0.1194,0
"org.eclipse.jdt.internal.corext.refactoring.util",0.078869048,0.021933439,0.628205128,0.262820513,0.70625,3.153846154,0.076923077,0.2929,1,1,0.2929,0.0054,0.8889,1
"org.eclipse.jdt.internal.corext.template.java",0.070512821,0.006784774,0.488888889,0.233333333,0.868312757,1.5,0,0.2929,0.988,0.9701,0.2929,0.1091,0.3704,0
"org.eclipse.jdt.internal.corext.textmanipulation",0.046875,0.018831291,0.666666667,0.518518519,0.802469136,2.8,0,0.2929,1,0.9565,0.2929,0.019,0.7,0
"org.eclipse.jdt.internal.corext.util",0.033938172,0.017390866,0.743589744,0.178571429,0.798364614,7.647058824,0,0.2929,0.9941,0.9765,0.2929,0.0065,0.7629,4
"org.eclipse.jdt.internal.debug.core",0.042857143,0.042625746,0.833333333,0.340909091,0.895316804,3,0.2,0.2929,0.8696,0.8043,0.2929,0.0097,0.7813,4
"org.eclipse.jdt.internal.debug.core.breakpoints",0.3,0.025966184,0.822222222,0.55,0.652777778,1,0,0.2929,0.9797,0.9756,0.2929,0.0431,0.4722,6
"org.eclipse.jdt.internal.debug.core.hcr",0,1,1,1,1,0.166666667,0,0.2929,0.9851,0.9552,0.428,0.1238,0.5806,5
"org.eclipse.jdt.internal.debug.core.logicalstructures",0,1,1,1,0,0,0,0.2929,1,1,0.2929,0.1071,0.4545,1
"org.eclipse.jdt.internal.debug.core.model",0.041333333,0.029567993,0.515151515,0.296296296,0.659641387,1.230769231,0.038461538,0.2929,0.9793,0.8655,0.2929,0.0704,0.1678,11
"org.eclipse.jdt.internal.debug.core.refactoring",0,1,1,1,0,0,0.043478261,0.2929,1,0.9752,0.2929,0.1568,0.1964,2
"org.eclipse.jdt.internal.debug.eval",0,0,0,0.5,1,0.666666667,0,0.2929,1,1,0.4846,0.0256,0.875,0
"org.eclipse.jdt.internal.debug.eval.ast.engine",0.01,0.025641026,0.333333333,0.5,1,0.272727273,0,0.2929,0.9971,0.9942,0.3897,0.0411,0.4688,8
"org.eclipse.jdt.internal.debug.eval.ast.instructions",0.307017544,0.066666667,1,1,1,0.909090909,0.038961039,0.2929,0.9953,0.9953,0.2929,0.2608,0.0839,1
"org.eclipse.jdt.internal.debug.ui",0.010561343,0.013443951,0.619565217,0.183333333,0.603975309,1.2,0.2,0.2929,0.9987,0.9812,0.2929,0.0201,0.4031,14
"org.eclipse.jdt.internal.debug.ui.actions",0.022910217,0.01248587,0.504761905,0.242857143,0.935535714,0.593023256,0.162790698,0.2929,0.9991,0.9972,0.2929,0.0758,0.3523,13
"org.eclipse.jdt.internal.debug.ui.breakpoints",0,1,1,1,1,0.2,0,0.2929,1,1,0.2929,0.0349,0.8667,0
"org.eclipse.jdt.internal.debug.ui.classpath",0.181818182,0.027878321,1,0.523809524,0.767195767,0.916666667,0.083333333,0.2929,0.9615,0.9615,0.2929,0.1811,0.4889,0
"org.eclipse.jdt.internal.debug.ui.console",0,1,1,1,0,0,0,0.2929,1,1,0.2929,0.1806,0.5517,2
"org.eclipse.jdt.internal.debug.ui.display",0.011764706,0.010361223,0.666666667,0.5,0.740740741,0.545454545,0.090909091,0.2929,1,0.9943,0.2929,0.035,0.7059,1
"org.eclipse.jdt.internal.debug.ui.jres",0.045454545,0.007906559,0.333333333,0.5,1,0.5,0.166666667,0.2929,1,0.9856,0.2929,0.0709,0.6491,1
"org.eclipse.jdt.internal.debug.ui.launcher",0.025,0.013506028,0.470588235,0.246031746,0.693413729,0.939393939,0.151515152,0.2929,1,0.9935,0.2929,0.0485,0.5435,2
"org.eclipse.jdt.internal.debug.ui.monitors",0,1,1,1,0,0,0.1875,0.2929,1,0.9459,0.2929,0.2745,0.3115,0
"org.eclipse.jdt.internal.debug.ui.propertypages",0,1,1,1,0,0,0.1,0.2929,1,0.9474,0.2929,0.1121,0.5556,4
"org.eclipse.jdt.internal.debug.ui.snippeteditor",0.004347826,0.005535448,0.4,0.5,1,0.208333333,0.25,0.2929,1,0.9671,0.2929,0.0593,0.5577,0
"org.eclipse.jdt.internal.debug.ui.sourcelookup",0,1,1,1,0,0,0,0.2929,1,1,0.2929,0.0395,0.88,0
"org.eclipse.jdt.internal.eval",0.022222222,0.05,0.6,0.4,0.916666667,0.214285714,0.035714286,0.2929,1,0.9747,0.4765,0.1956,0.1765,6
"org.eclipse.jdt.internal.formatter",0.025,0.055555556,0.166666667,0.3,1,0.666666667,0,0.2929,0.9881,0.9643,0.2929,0.076,0.5152,10
"org.eclipse.jdt.internal.formatter.align",0.5,0.058823529,1,0.75,0.875,1.5,0,0.441,0.5,0.5,0.441,0.1111,0.75,2
"org.eclipse.jdt.internal.formatter.old",1,1,1,1,1,1,0,0.5,1,1,0.2929,0,1,0
"org.eclipse.jdt.internal.junit.launcher",0.025,0.024390244,1,0.666666667,0.833333333,0.444444444,0.111111111,0.2929,0.994,0.994,0.2929,0.03,0.7949,2
"org.eclipse.jdt.internal.junit.refactoring",0,1,1,1,0,0,0,0.2929,1,1,0.2929,0.0784,0.6667,1
"org.eclipse.jdt.internal.junit.runner",0,0,0,0.5,1,0.666666667,0.333333333,0.2929,0,0,0.5,0.6667,0.2,0
"org.eclipse.jdt.internal.junit.ui",0.011428571,0.030597354,0.666666667,0.6,0.8,0.25,0.111111111,0.2929,0.9977,0.9027,0.2929,0.1246,0.2935,7
"org.eclipse.jdt.internal.junit.util",0.094017094,0.026571214,1,0.40625,0.768229167,1.3,0.1,0.2929,0.9916,0.9832,0.2929,0.0171,0.8235,1
"org.eclipse.jdt.internal.junit.wizards",0,0.012345679,0.333333333,0.5,1,0.3,0.1,0.2929,0.9959,0.9711,0.2929,0.0835,0.5873,0
"org.eclipse.jdt.internal.launching",0.025089606,0.014077306,0.351778656,0.140096618,0.924501425,0.783783784,0.081081081,0.2929,0.9821,0.9719,0.2929,0.0586,0.3059,7
"org.eclipse.jdt.internal.launching.macosx",0,1,1,1,0,0,0,0.2929,1,1,0.2929,0.2,0.4545,0
"org.eclipse.jdt.internal.launching.support",0,1,1,1,0,0,1,0.2929,0,0,0.2929,1,1,0
"org.eclipse.jdt.internal.ui",0.019492881,0.012102548,0.563636364,0.223880597,0.711086359,6.875,0.208333333,0.2929,0.9402,0.9293,0.2929,0.0012,0.8231,0
"org.eclipse.jdt.internal.ui.actions",0.033635676,0.006156797,0.431578947,0.142105263,0.853331794,1.928571429,0.035714286,0.2929,1,1,0.2929,0.0124,0.7473,0
"org.eclipse.jdt.internal.ui.browsing",0,0,0,0.5,1,0.217391304,0.043478261,0.2929,1,0.9788,0.2929,0.0944,0.4713,1
"org.eclipse.jdt.internal.ui.callhierarchy",0.027777778,0.011627907,1,1,1,0.054054054,0.054054054,0.2929,1,0.9003,0.2929,0.2053,0.2925,2
"org.eclipse.jdt.internal.ui.compare",0,0,0,0.5,1,0.125,0.25,0.2929,0.9969,0.9847,0.2929,0.1369,0.4757,3
"org.eclipse.jdt.internal.ui.dialogs",0.035027473,0.004650975,0.318681319,0.170068027,0.808465608,2.941176471,0,0.2929,1,1,0.2929,0.0096,0.8286,3
"org.eclipse.jdt.internal.ui.dnd",0.301587302,0.020074584,1,0.685714286,0.913142857,3,0.25,0.2929,1,1,0.2929,0.0386,0.75,0
"org.eclipse.jdt.internal.ui.filters",0.011904762,0.002325581,0.2,0.222222222,1,0.363636364,0.772727273,0.2929,1,1,0.2929,0.0175,0.8966,1
"org.eclipse.jdt.internal.ui.infoviews",0,1,1,1,0,0,0,0.2929,1,0.9691,0.2929,0.0899,0.6981,2
"org.eclipse.jdt.internal.ui.jarpackager",0.073529412,0.054464286,0.571428571,0.5,1,0.444444444,0.111111111,0.2929,0.9865,0.965,0.2929,0.0775,0.4658,0
"org.eclipse.jdt.internal.ui.javadocexport",0,1,1,1,1,0.0625,0,0.2929,1,0.9775,0.2929,0.1103,0.5195,0
"org.eclipse.jdt.internal.ui.javaeditor",0.007759853,0.004535093,0.252307692,0.096673597,0.808621169,1.55,0.116666667,0.2929,0.982,0.9371,0.2929,0.0158,0.3656,13
"org.eclipse.jdt.internal.ui.javaeditor.selectionactions",0.583333333,0.009803922,1,1,1,1,0,0.5,0.9314,0.9118,0.5,0.055,0.6333,0
"org.eclipse.jdt.internal.ui.macbundler",0,1,1,1,0,0,0.3,0.2929,1,0.971,0.3991,0.2813,0.3077,0
"org.eclipse.jdt.internal.ui.packageview",0.007692308,0.003316522,0.166666667,0.35,1,0.666666667,0.047619048,0.2929,1,0.9882,0.4846,0.0634,0.5152,1
"org.eclipse.jdt.internal.ui.preferences",0.001311475,0.00466301,0.244444444,0.140909091,0.919421488,0.607843137,0.058823529,0.2929,0.999,0.9796,0.2929,0.0959,0.362,9
"org.eclipse.jdt.internal.ui.preferences.formatter",0.023809524,0.003115265,0.333333333,0.5,1,0.136363636,0,0.2929,0.9905,0.8476,0.3204,0.3314,0.1986,4
"org.eclipse.jdt.internal.ui.refactoring",0.012820513,0.006901881,0.458461538,0.15,0.729392857,0.975,0.1,0.2929,1,0.9871,0.2929,0.1103,0.4957,4
"org.eclipse.jdt.internal.ui.refactoring.actions",0.032407407,0.009666624,0.822222222,0.4,0.691358025,1.2,0,0.375,1,1,0.375,0.012,0.878,0
"org.eclipse.jdt.internal.ui.refactoring.code",0,0,0,0.5,1,0.5,0,0.2929,1,0.973,0.2929,0.0353,0.9063,0
"org.eclipse.jdt.internal.ui.refactoring.contentassist",0.107142857,0.019751522,0.833333333,0.55,0.76,1.375,0,0.2929,1,0.9859,0.2929,0.0104,0.9,1
"org.eclipse.jdt.internal.ui.refactoring.nls",0,1,1,1,1,0.066666667,0.133333333,0.2929,1,0.9573,0.2929,0.1066,0.5606,1
"org.eclipse.jdt.internal.ui.refactoring.nls.search",0,1,1,1,0,0,0.25,0.2929,1,0.9707,0.2929,0.1202,0.541,1
"org.eclipse.jdt.internal.ui.refactoring.reorg",0.020833333,0.004568287,0.333333333,0.277777778,0.96875,0.303030303,0.242424242,0.2929,1,0.9858,0.2929,0.1226,0.4019,1
"org.eclipse.jdt.internal.ui.refactoring.sef",0,1,1,1,1,0.5,0,0.2929,1,0.9412,0.5,0.0513,0.8947,0
"org.eclipse.jdt.internal.ui.search",0.018461538,0.009361054,0.489130435,0.1625,0.813257576,0.513157895,0.105263158,0.2929,1,0.9554,0.2929,0.0843,0.2295,6
"org.eclipse.jdt.internal.ui.text",0.019297378,0.008234047,0.420689655,0.118518519,0.779997061,1.454545455,0.181818182,0.2929,1,0.9424,0.2929,0.0898,0.4444,3
"org.eclipse.jdt.internal.ui.text.comment",0.025,0.011122346,0.666666667,0.5,0.875,0.352941176,0.176470588,0.2929,1,0.9467,0.2929,0.2953,0.3016,0
"org.eclipse.jdt.internal.ui.text.correction",0,0,0,0.333333333,1,0.08,0.06,0.2929,0.9992,0.9976,0.2929,0.1092,0.2532,14
"org.eclipse.jdt.internal.ui.text.folding",0.066666667,0.012820513,1,0.666666667,0.888888889,0.666666667,0,0.2929,0.9867,0.9733,0.2929,0.0571,0.7857,0
"org.eclipse.jdt.internal.ui.text.java",0.023703704,0.006526513,0.295238095,0.163636364,0.885281385,0.964285714,0.035714286,0.2929,1,0.9935,0.2929,0.0529,0.5455,1
"org.eclipse.jdt.internal.ui.text.java.hover",0.021978022,0.006521739,0.3,0.266666667,0.962962963,0.571428571,0.142857143,0.2929,0.9937,0.9811,0.2929,0.0557,0.7091,2
"org.eclipse.jdt.internal.ui.text.javadoc",0.043209877,0.013381824,0.321428571,0.21875,0.971354167,1.4,0.4,0.2929,1,0.9902,0.2929,0.0475,0.7568,1
"org.eclipse.jdt.internal.ui.text.spelling",0,0,0,0.333333333,1,0.307692308,0,0.2929,1,0.992,0.2929,0.1027,0.5682,1
"org.eclipse.jdt.internal.ui.text.spelling.engine",0.083333333,0.04,1,0.541666667,0.770833333,0.764705882,0.235294118,0.2929,1,1,0.2929,0.3846,0.1071,0
"org.eclipse.jdt.internal.ui.text.template.contentassist",0.069444444,0.006288874,0.333333333,0.523809524,0.918367347,1.222222222,0,0.2929,1,0.9787,0.2929,0.0359,0.6667,0
"org.eclipse.jdt.internal.ui.text.template.preferences",0,1,1,1,1,0.25,0,0.2929,1,1,0.2929,0.0421,0.8333,0
"org.eclipse.jdt.internal.ui.typehierarchy",0,0,0,0.5,1,0.103448276,0.034482759,0.2929,0.9975,0.9282,0.2929,0.1314,0.3462,2
"org.eclipse.jdt.internal.ui.util",0.014467593,0.009165544,0.458333333,0.138081395,0.823255814,5,0.105263158,0.2929,0.9938,0.9876,0.2929,0.0062,0.8929,1
"org.eclipse.jdt.internal.ui.viewsupport",0.047542735,0.010439951,0.561594203,0.147849462,0.754269993,4.4,0.16,0.2929,0.9897,0.9897,0.2929,0.0084,0.8,5
"org.eclipse.jdt.internal.ui.wizards",0.018181818,0.009074341,0.464285714,0.303571429,0.868367347,0.772727273,0.045454545,0.2929,1,0.9781,0.2929,0.1031,0.5385,1
"org.eclipse.jdt.internal.ui.wizards.buildpaths",0.027777778,0.009078173,0.6,0.2625,0.725,0.567567568,0.027027027,0.2929,1,0.9756,0.2929,0.0693,0.3034,2
"org.eclipse.jdt.internal.ui.wizards.dialogfields",0.193055556,0.017520333,0.901098901,0.520408163,0.685683364,3.1875,0.125,0.2929,1,0.9448,0.2929,0.0123,0.4545,0
"org.eclipse.jdt.internal.ui.workingsets",0,1,1,1,1,0.333333333,0,0.2929,1,0.9375,0.2929,0.0729,0.6818,0
"org.eclipse.jdt.junit",0,1,1,1,1,0.5,0,0.2929,1,1,0.2929,0.5,0.5,0
"org.eclipse.jdt.launching",0.06012951,0.034854445,0.894927536,0.178571429,0.68907,5,0.125,0.2929,0.9512,0.8537,0.2929,0.0228,0.3762,3
"org.eclipse.jdt.launching.sourcelookup",0.057142857,0.009676685,0.333333333,0.5,0.9375,0.75,0.25,0.2929,0.9889,0.9889,0.2929,0.0696,0.52,1
"org.eclipse.jdt.launching.sourcelookup.containers",0.14,0.040559441,1,0.9,0.95,1.5,0,0.2929,1,1,0.2929,0.0055,0.9167,0
"org.eclipse.jdt.ui",0.021022179,0.012848937,0.632352941,0.178200692,0.703245747,11.44444444,0.166666667,0.2929,0.9686,0.9686,0.2929,0.0021,0.9145,1
"org.eclipse.jdt.ui.actions",0.011529412,0.013999141,0.738562092,0.218954248,0.829694873,0.779069767,0.058139535,0.2929,0.9959,0.9912,0.2929,0.0591,0.3085,6
"org.eclipse.jdt.ui.jarpackager",0.218181818,0.029411765,1,1,1,1,0.166666667,0.5,0.878,0.6829,1,0.0461,0.5,0
"org.eclipse.jdt.ui.refactoring",0,0,0,0.5,1,1,0.5,0.2929,1,1,0.2929,0,1,0
"org.eclipse.jdt.ui.search",0.111111111,0.017649502,1,0.666666667,0.833333333,1.333333333,0.166666667,0.441,1,1,0.441,0.0826,0.6154,0
"org.eclipse.jdt.ui.text",0.135869565,0.016040425,1,0.44,0.783958333,8.8,0.4,0.2929,1,0.9888,0.2929,0.0046,0.8824,2
"org.eclipse.jdt.ui.text.folding",0.142857143,0.045454545,1,0.666666667,0.888888889,2,0,0.3991,1,1,0.3991,0,1,0
"org.eclipse.jdt.ui.text.java",0.189189189,0.02491358,0.933333333,0.388888889,0.775308642,3.5,0.166666667,0.2929,1,1,0.2929,0.0697,0.65,0
"org.eclipse.jdt.ui.text.java.hover",1,1,1,1,1,2,1,0.5,1,1,0.2929,0,1,0
"org.eclipse.jdt.ui.wizards",0.034482759,0.01222619,0.555555556,0.2,0.900462963,2,0.166666667,0.2929,1,0.9892,0.2929,0.013,0.8088,4
"org.eclipse.jface.action",0.038030129,0.014514062,0.92364532,0.174277726,0.676237954,23.375,0.09375,0.2929,1,0.964,0.2929,0.0113,0.6279,8
"org.eclipse.jface.contentassist",0.111111111,0.020870692,0.472222222,0.365079365,0.729591837,2.3,0.6,0.2929,1,0.96,0.2929,0.0852,0.5313,0
"org.eclipse.jface.dialogs",0.030201342,0.014304345,0.678362573,0.160374759,0.726068702,30.63157895,0.105263158,0.2929,0.9939,0.9879,0.2929,0.0024,0.8783,4
"org.eclipse.jface.internal.text.link.contentassist",0,1,1,1,1,0.071428571,0.214285714,0.2929,1,0.9204,0.2929,0.1793,0.2381,0
"org.eclipse.jface.operation",0.102102102,0.024260839,1,0.541666667,0.850531684,39,0.5,0.2929,1,0.9,0.2929,0.013,0.963,2
"org.eclipse.jface.preference",0.0154437,0.015003229,0.596837945,0.092071611,0.803302065,9.6,0.033333333,0.2929,1,0.9958,0.2929,0.0175,0.7366,10
"org.eclipse.jface.resource",0.019038702,0.020116018,0.833333333,0.20093147,0.818777757,23.23076923,0,0.2929,0.9815,0.8148,0.2929,0.0065,0.8905,4
"org.eclipse.jface.text",0.018546366,0.019357472,0.522298222,0.081312292,0.623130459,9.235849057,0.235849057,0.2929,1,0.7852,0.2929,0.0333,0.3032,0
"org.eclipse.jface.text.contentassist",0.069347319,0.056949325,0.948717949,0.353276353,0.740231237,5.391304348,0.173913043,0.2929,1,0.876,0.2929,0.0817,0.3551,0
"org.eclipse.jface.text.formatter",0.166666667,0.027550757,0.857142857,0.492063492,0.719341564,3.1,0.2,0.2929,1,0.913,0.2929,0.2143,0.3438,0
"org.eclipse.jface.text.information",0.083333333,0.0098347,0.5,0.4,0.773148148,2,0.5,0.2929,1,0.96,0.4846,0.0515,0.5882,0
"org.eclipse.jface.text.link",0.292929293,0.019203117,0.761904762,0.595238095,0.744444444,2.5,0.1,0.2929,1,0.7727,0.4368,0.0707,0.2692,0
"org.eclipse.jface.text.presentation",0.214285714,0.038769307,1,0.583333333,0.882716049,4.2,0.2,0.2929,1,0.9583,0.473,0.0437,0.6316,0
"org.eclipse.jface.text.projection",0.090909091,0.019412252,0.4,0.4,0.944444444,0.5,0.166666667,0.2929,1,0.9636,0.2929,0.2081,0.1481,0
"org.eclipse.jface.text.reconciler",0.083333333,0.027576003,0.866666667,0.424242424,0.852341598,2.153846154,0.230769231,0.2929,1,0.931,0.2929,0.2043,0.3684,0
"org.eclipse.jface.text.rules",0.09057971,0.022857716,0.812865497,0.33492823,0.707660521,2.916666667,0.125,0.2929,1,1,0.2929,0.1312,0.1972,0
"org.eclipse.jface.text.source",0.025210084,0.019709039,0.798097252,0.088557994,0.763012874,4.52,0.12,0.2929,1,0.9249,0.2929,0.0576,0.2874,0
"org.eclipse.jface.text.source.projection",0.063492063,0.021798871,0.666666667,0.5,0.739583333,0.8,0,0.2929,1,0.9071,0.2929,0.0813,0.3617,0
"org.eclipse.jface.text.templates",0.120098039,0.031539086,0.871794872,0.35042735,0.688729892,4.555555556,0.111111111,0.2929,1,0.9714,0.2929,0.0789,0.3662,0
"org.eclipse.jface.text.templates.persistence",0.125,0.048565677,1,0.555555556,0.840277778,5,0,0.2929,1,1,0.2929,0.0482,0.7895,0
"org.eclipse.jface.util",0.026031746,0.016607793,0.892857143,0.235759494,0.833385504,22.92307692,0.230769231,0.2929,1,1,0.2929,0.0106,0.956,3
"org.eclipse.jface.viewers",0.027997944,0.016933392,0.618181818,0.137055838,0.594082557,25.82608696,0.231884058,0.2929,1,0.9626,0.2929,0.0065,0.5418,14
"org.eclipse.jface.window",0.00755287,0.023274212,1,0.35261708,0.975183844,42.66666667,0,0.2955,1,0.9048,0.4135,0.0012,0.9542,1
"org.eclipse.jface.wizard",0.053668763,0.029968969,0.911111111,0.283076923,0.777549169,18.4,0.1,0.2929,1,0.9697,0.2929,0.0069,0.7857,1
"org.eclipse.ltk.core.refactoring",0.050891605,0.027159773,0.679841897,0.210378682,0.623462963,6.25,0.083333333,0.2929,1,0.9322,0.2929,0.0259,0.4022,0
"org.eclipse.ltk.core.refactoring.participants",0.087962963,0.030596705,0.562770563,0.247933884,0.733254624,2.4,0.4,0.2929,0.9853,0.9559,0.2929,0.081,0.2051,0
"org.eclipse.ltk.internal.core.refactoring",0.047930283,0.023031445,0.692307692,0.576923077,0.65,0.833333333,0.055555556,0.2929,0.9903,0.8932,0.2929,0.1255,0.2444,0
"org.eclipse.ltk.internal.ui.refactoring",0.066066066,0.034482759,1,0.529411765,0.764705882,0.473684211,0.131578947,0.2929,0.9942,0.968,0.2929,0.162,0.2555,0
"org.eclipse.ltk.internal.ui.refactoring.util",0.166666667,0.028571429,1,1,1,1,0,0.5,1,1,0.5,0,1,0
"org.eclipse.ltk.ui.refactoring",0.009324009,0.015222053,0.6,0.3,0.644196429,2,0.083333333,0.2929,0.9836,0.9508,0.2929,0.0067,0.7632,0
"org.eclipse.osgi.framework.adaptor",0.112195122,0.050866462,1,0.409090909,0.794625947,3.272727273,0.090909091,0.3356,1,0.8667,0.3356,0.0433,0.4762,0
"org.eclipse.osgi.framework.adaptor.core",0.149350649,0.069387205,0.644444444,0.4,0.791428571,1.666666667,0.083333333,0.2929,0.9815,0.8519,0.2929,0.0804,0.35,1
"org.eclipse.osgi.framework.console",0.8,0.039230769,1,1,1,2,0.5,0.5,1,1,0.5,0,1,0
"org.eclipse.osgi.framework.debug",0.068965517,0.039230769,1,0.642857143,0.897959184,4.5,0.5,0.3855,1,1,0.3855,0.05,0.8889,0
"org.eclipse.osgi.framework.eventmgr",0.4,0.038461538,1,1,1,0.666666667,0.333333333,0.2929,0,0,0.2929,0.65,0.0714,0
"org.eclipse.osgi.framework.internal.core",0.00483559,0.032770563,0.428571429,0.225,0.89,0.375,0.125,0.2929,1,0.7183,0.2929,0.3276,0.1097,2
"org.eclipse.osgi.framework.internal.defaultadaptor",0.095238095,0.04,1,1,1,0.5,0,0.2929,1,0.9032,0.4961,0.0575,0.4583,1
"org.eclipse.osgi.framework.internal.protocol",0.166666667,0.038461538,1,1,1,0.285714286,0.428571429,0.2929,1,0.8519,0.2929,0.1951,0.3846,0
"org.eclipse.osgi.framework.internal.protocol.bundleentry",1,1,1,1,1,1,0,0.5,0.8,0.8,0.2929,0,1,0
"org.eclipse.osgi.framework.internal.protocol.bundleresource",1,1,1,1,1,1,0,0.5,1,1,0.2929,0,1,0
"org.eclipse.osgi.framework.internal.protocol.reference",0,1,1,1,0,0,0,0.2929,1,1,0.2929,0.5,0.5,1
"org.eclipse.osgi.framework.internal.reliablefile",1,0.090909091,1,1,1,1,0,0.5,0,0,0.5,0.6667,0.3333,0
"org.eclipse.osgi.framework.launcher",1,1,1,1,1,1,0,0.5,1,1,0.2929,0,1,0
"org.eclipse.osgi.framework.log",0.722222222,0.053683155,1,0.9,0.92,4.5,0,0.4901,1,1,0.4901,0.05,0.8571,0
"org.eclipse.osgi.framework.msg",1,1,1,1,1,9,0,0.5,0,0,0.2929,1,1,0
"org.eclipse.osgi.framework.stats",0.25,0.04,1,1,1,0.6,0,0.2929,1,-1,0.5,0.3846,0.2857,0
"org.eclipse.osgi.framework.util",0,0.039606838,1,0.433333333,0.863888889,2.6,0.2,0.3491,1,0.875,0.3491,0.029,0.9,0
"org.eclipse.osgi.internal.resolver",0.008695652,0.075,1,0.666666667,0.833333333,0.25,0.041666667,0.2929,1,0.9718,0.2929,0.206,0.1594,1
"org.eclipse.osgi.service.datalocation",0.1,0.025,1,0.545454545,0.958677686,6,0,0.3243,1,1,0.3243,0.1,0.75,2
"org.eclipse.osgi.service.debug",1,1,1,1,1,4,0,0.5,0,0,0.2929,1,1,0
"org.eclipse.osgi.service.environment",0.0625,0.04,1,0.545454545,0.958677686,6,0.5,0.3195,0,0,0.3195,1,1,0
"org.eclipse.osgi.service.localization",1,1,1,1,1,2,1,0.5,1,1,0.2929,0,1,0
"org.eclipse.osgi.service.pluginconversion",0.666666667,0.041403509,1,1,1,3,0,0.5,0,0,0.5,0.25,0.75,0
"org.eclipse.osgi.service.resolver",0.16064257,0.069204616,1,0.33015873,0.710136349,6.5,0.125,0.2929,1,-2.3333,0.2929,0.081,0.3182,0
"org.eclipse.osgi.service.runnable",1,1,1,1,1,2,1,0.5,0,0,0.2929,1,1,0
"org.eclipse.osgi.service.systembundle",1,1,1,1,1,2,1,0.5,0,0,0.2929,1,1,0
"org.eclipse.osgi.service.urlconversion",1,1,1,1,1,2,0,0.5,0,0,0.2929,1,1,0
"org.eclipse.osgi.util",1,1,1,1,1,16,0,0.5,1,1,0.2929,0,1,0
"org.eclipse.pde.ant",0,1,1,1,0,0,0,0.2929,1,1,0.2929,0.0588,0.9091,0
"org.eclipse.pde.core",0.073933134,0.045940392,0.948717949,0.312937063,0.70603709,12.78571429,0.285714286,0.2929,1,0.6,0.2929,0.0273,0.7931,0
"org.eclipse.pde.core.build",0.504761905,0.048277021,1,0.642857143,0.819727891,9,0.25,0.3855,1,1,0.6429,0.0283,0.7619,0
"org.eclipse.pde.core.plugin",0.11915734,0.042793362,0.991341991,0.407670455,0.608218298,13.04545455,0.181818182,0.2929,1,1,0.2929,0.0225,0.4737,0
"org.eclipse.pde.internal",0,1,1,1,1,2,0,0.2929,0.9545,0.9545,0.2929,0.0391,0.65,0
"org.eclipse.pde.internal.build",0.117647059,0.066476379,0.79047619,0.341666667,0.739583333,2.277777778,0.277777778,0.2929,0.9714,0.9714,0.2929,0.0799,0.3,0
"org.eclipse.pde.internal.build.ant",0.126984127,0.071481481,0.8,0.666666667,0.805555556,1.25,0.25,0.2929,0,0,0.2929,0.4828,0.1765,0
"org.eclipse.pde.internal.build.builder",0.166666667,0.052083333,1,0.55,0.796666667,1.571428571,0.142857143,0.2929,0.9828,0.9224,0.4949,0.0686,0.4118,0
"org.eclipse.pde.internal.build.packager",0,0.125,1,1,1,0.75,0,0.2929,1,1,0.2929,0.0165,0.9,0
"org.eclipse.pde.internal.build.site",0.083333333,0.067857143,1,0.583333333,0.864583333,0.777777778,0.111111111,0.2929,0.992,0.976,0.2929,0.0387,0.5172,0
"org.eclipse.pde.internal.build.tasks",0,1,1,1,0,0,0,0.2929,1,1,0.2929,0.0556,0.8,0
"org.eclipse.pde.internal.builders",0.010989011,0.002164502,0.166666667,0.291666667,1,0.5,0.071428571,0.2929,0.9948,0.9689,0.2929,0.1234,0.4,3
"org.eclipse.pde.internal.core",0.028353659,0.012242963,0.368951613,0.14453125,0.618019023,3.523809524,0.19047619,0.2929,0.9971,0.9083,0.2929,0.0197,0.3294,0
"org.eclipse.pde.internal.core.build",0.077922078,0.004567641,0.2,0.325,0.953125,1.625,0.125,0.2929,1,1,0.2929,0.1195,0.4828,0
"org.eclipse.pde.internal.core.bundle",0.138888889,0.011240222,0.666666667,0.5,0.955555556,0.9,0,0.2929,1,1,0.2929,0.0852,0.5185,0
"org.eclipse.pde.internal.core.feature",0.078787879,0.020916492,1,0.402597403,0.803675236,1.9375,0.0625,0.2929,1,0.9065,0.2929,0.1072,0.2453,0
"org.eclipse.pde.internal.core.ibundle",0.070833333,0.053926817,0.822222222,0.35,0.700617284,1.909090909,0.545454545,0.2929,1,1,0.2929,0.1127,0.5294,0
"org.eclipse.pde.internal.core.ifeature",0.162857143,0.035805032,1,0.430769231,0.707316254,5.6,0.133333333,0.3177,1,0.9048,0.5357,0.0457,0.3208,0
"org.eclipse.pde.internal.core.ischema",0.117370892,0.045429544,0.994152047,0.447368421,0.678527778,4.473684211,0.210526316,0.2929,1,0.1111,0.2929,0.0741,0.2889,0
"org.eclipse.pde.internal.core.isite",0.225490196,0.065568413,1,0.483516484,0.710230246,3.384615385,0,0.3415,1,0.8095,0.5447,0.0867,0.2558,0
"org.eclipse.pde.internal.core.plugin",0.052884615,0.011992851,0.431372549,0.205128205,0.670364892,1.777777778,0,0.2929,1,0.9698,0.2929,0.1126,0.2766,0
"org.eclipse.pde.internal.core.schema",0.075533662,0.026145664,0.897058824,0.254901961,0.832882618,1.772727273,0,0.2929,0.9931,0.8966,0.2929,0.0703,0.2143,0
"org.eclipse.pde.internal.core.search",0.380952381,0.024390244,1,1,1,1,0,0.5,1,0.8947,0.8333,0.0769,0.5455,0
"org.eclipse.pde.internal.core.site",0.055555556,0.023163401,0.678571429,0.4375,0.66875,0.823529412,0.058823529,0.2929,1,0.968,0.2929,0.1415,0.2083,0
"org.eclipse.pde.internal.core.util",0,0,0,0.5,1,2,0,0.2929,0,0,0.2929,0.5,0.6667,0
"org.eclipse.pde.internal.junit.runtime",0,1,1,1,0,0,0,0.2929,1,1,0.2929,0.0714,0.7143,0
"org.eclipse.pde.internal.runtime",0.177777778,0.054987212,1,0.875,0.9375,1.75,0.25,0.441,1,1,0.441,0.0056,0.9091,0
"org.eclipse.pde.internal.runtime.logview",0,1,1,1,0,0,0,0.2929,1,0.9632,0.3171,0.1093,0.5349,1
"org.eclipse.pde.internal.runtime.registry",0.058823529,0.1,1,1,1,0.111111111,0,0.2929,1,0.9512,0.2929,0.2156,0.3208,0
"org.eclipse.pde.internal.ui",0.069710358,0.02372011,1,0.535714286,0.738860544,11.25,0.375,0.2929,0.9825,0.9649,0.2929,0.0011,0.8696,0
"org.eclipse.pde.internal.ui.ant",0,1,1,1,0,0,0,0.2929,1,1,0.2929,0.1053,0.7778,0
"org.eclipse.pde.internal.ui.build",0.05,0.008547009,0.333333333,0.444444444,0.944444444,0.666666667,0.166666667,0.2929,1,1,0.2929,0.0282,0.8571,0
"org.eclipse.pde.internal.ui.editor",0.041928721,0.014391191,0.624505929,0.376811594,0.623868313,2.108108108,0,0.2929,0.99,0.925,0.2929,0.0145,0.3889,0
"org.eclipse.pde.internal.ui.editor.build",0.066666667,0.016493506,1,1,1,0.375,0.0625,0.2929,1,0.9752,0.2929,0.0849,0.5181,0
"org.eclipse.pde.internal.ui.editor.context",0.166666667,0.016466455,1,0.571428571,0.806122449,4,0,0.3415,0.9683,0.9524,0.3415,0.009,0.7931,0
"org.eclipse.pde.internal.ui.editor.feature",0,1,1,1,1,0.022727273,0,0.2929,1,0.9723,0.2929,0.0788,0.3817,0
"org.eclipse.pde.internal.ui.editor.plugin",0.003861004,0.003703704,0.1,0.233333333,1,0.184210526,0.052631579,0.2929,0.999,0.9833,0.2929,0.0649,0.4873,0
"org.eclipse.pde.internal.ui.editor.plugin.rows",0.833333333,0.012987013,1,1,1,0.857142857,0,0.2929,1,1,0.2929,0.0305,0.8182,0
"org.eclipse.pde.internal.ui.editor.schema",0,1,1,1,1,0.027777778,0,0.2929,1,0.9826,0.2929,0.101,0.3854,0
"org.eclipse.pde.internal.ui.editor.site",0,1,1,1,0,0,0,0.2929,1,0.989,0.2929,0.067,0.5738,0
"org.eclipse.pde.internal.ui.editor.text",0.082417582,0.017901419,0.872727273,0.272727273,0.829931973,1.4,0.466666667,0.2929,0.9759,0.9759,0.2929,0.1132,0.5435,0
"org.eclipse.pde.internal.ui.elements",0.029411765,0.016944444,0.666666667,0.30952381,0.872108844,1.444444444,0.111111111,0.2929,1,1,0.2929,0.0905,0.7188,0
"org.eclipse.pde.internal.ui.launcher",0,0,0,0.5,1,0.15,0.1,0.2929,0.9976,0.9902,0.2929,0.0889,0.4824,0
"org.eclipse.pde.internal.ui.model",0.081730769,0.056510397,0.75,0.349206349,0.718901846,2.444444444,0,0.2929,1,0.8333,0.2929,0.0913,0.5417,0
"org.eclipse.pde.internal.ui.model.build",0,1,1,1,1,0.25,0,0.2929,1,0.9231,0.473,0.1408,0.6154,0
"org.eclipse.pde.internal.ui.model.bundle",0.333333333,0.012987013,1,1,1,0.5,0.25,0.2929,1,0.8667,0.2929,0.125,0.6667,0
"org.eclipse.pde.internal.ui.model.plugin",0.166666667,0.012987013,1,1,1,0.421052632,0,0.2929,1,0.9192,0.2929,0.235,0.1964,0
"org.eclipse.pde.internal.ui.parts",0.074660633,0.015364432,0.67032967,0.285714286,0.740955171,3.555555556,0.055555556,0.2929,1,0.9744,0.2929,0.0096,0.7551,0
"org.eclipse.pde.internal.ui.preferences",0.060606061,0.014285714,0.5,0.5,1,0.333333333,0,0.2929,1,0.964,0.2929,0.0423,0.7273,0
"org.eclipse.pde.internal.ui.properties",0,1,1,1,0,0,0,0.2929,1,0.931,0.2929,0.0645,0.875,0
"org.eclipse.pde.internal.ui.search",0.026041667,0.009038116,0.666666667,0.375,0.9625,0.36,0.04,0.2929,1,0.9863,0.2929,0.0796,0.4824,0
"org.eclipse.pde.internal.ui.util",0.015432099,0.030504257,1,0.492753623,0.867359798,4.857142857,0,0.2929,1,1,0.2929,0.0073,0.9189,0
"org.eclipse.pde.internal.ui.view",0,1,1,1,1,0.071428571,0.071428571,0.2929,1,0.9823,0.2929,0.0592,0.6949,0
"org.eclipse.pde.internal.ui.wizards",0.029069767,0.015586375,0.58974359,0.181318681,0.811366213,1.941176471,0.117647059,0.2929,1,0.9835,0.2929,0.0375,0.6563,0
"org.eclipse.pde.internal.ui.wizards.exports",0.040816327,0.017584416,0.3,0.35,0.90625,0.875,0,0.2929,1,0.9877,0.2929,0.0536,0.6964,0
"org.eclipse.pde.internal.ui.wizards.extension",0,1,1,1,1,0.083333333,0,0.2929,1,0.9781,0.2929,0.0528,0.72,0
"org.eclipse.pde.internal.ui.wizards.feature",0,1,1,1,0,0,0,0.2929,1,0.9841,0.2929,0.0735,0.6552,0
"org.eclipse.pde.internal.ui.wizards.imports",0.090909091,0.024390244,1,1,1,0.166666667,0,0.2929,1,0.9907,0.2929,0.0556,0.625,0
"org.eclipse.pde.internal.ui.wizards.plugin",0,1,1,1,0,0,0,0.2929,1,0.9948,0.2929,0.1312,0.5538,0
"org.eclipse.pde.internal.ui.wizards.site",0,1,1,1,0,0,0,0.2929,1,1,0.2929,0.0278,0.9259,0
"org.eclipse.pde.internal.ui.wizards.templates",0.020833333,0.052631579,1,0.75,0.875,0.12,0,0.2929,1,0.9923,0.2929,0.1176,0.3519,0
"org.eclipse.pde.internal.ui.wizards.tools",0,1,1,1,0,0,0,0.2929,1,0.9571,0.2929,0.0791,0.65,0
"org.eclipse.pde.ui",0.028735632,0.009718741,0.333333333,0.261904762,0.888888889,1.571428571,0.428571429,0.2929,1,1,0.2929,0.1263,0.625,0
"org.eclipse.pde.ui.internal.samples",0,1,1,1,0,0,0.125,0.2929,1,0.9526,0.2929,0.064,0.7045,0
"org.eclipse.pde.ui.templates",0.038194444,0.040465748,0.785714286,0.416666667,0.698412698,0.769230769,0.076923077,0.2929,1,0.9091,0.2929,0.1298,0.413,0
"org.eclipse.platform.internal",0,1,1,1,0,0,0,0.2929,1,1,0.2929,0,1,0
"org.eclipse.search.internal.core",0.125,0.054824561,1,0.833333333,0.888888889,2.5,0,0.473,1,1,0.473,0.0488,0.8571,0
"org.eclipse.search.internal.core.text",0.2,0.027801358,1,0.875,0.9375,0.777777778,0.222222222,0.2929,1,0.9841,0.2929,0.1008,0.48,1
"org.eclipse.search.internal.ui",0.02,0.021565509,0.769230769,0.256410256,0.669285447,0.833333333,0.083333333,0.2929,0.9901,0.9236,0.2929,0.0831,0.2289,2
"org.eclipse.search.internal.ui.text",0,1,1,1,0,0,0.068965517,0.2929,1,0.977,0.2929,0.0859,0.4176,4
"org.eclipse.search.internal.ui.util",0.025454545,0.022876636,0.866666667,0.566666667,0.763888889,1.416666667,0,0.2929,0.9928,0.9783,0.2929,0.0094,0.8966,0
"org.eclipse.search.ui",0.053672316,0.022348447,0.777777778,0.334586466,0.576229255,4.684210526,0.368421053,0.2929,0.9231,0.7692,0.2929,0.0267,0.587,0
"org.eclipse.search.ui.text",0.113300493,0.050394995,0.892857143,0.553571429,0.798250729,3.875,0.125,0.2929,0.9195,0.8506,0.2929,0.0146,0.6222,2
"org.eclipse.search2.internal.ui",0.023809524,0.029188713,0.666666667,0.5,0.847222222,0.692307692,0.076923077,0.2929,0.9841,0.9286,0.4321,0.1131,0.4219,0
"org.eclipse.search2.internal.ui.basic.views",1,0.035714286,1,1,1,1,0.090909091,0.5,0.8478,0.8478,0.5,0.0278,0.7778,0
"org.eclipse.search2.internal.ui.text",0,0.035714286,1,0.666666667,0.888888889,0.5,0.125,0.2929,1,1,0.3195,0.0751,0.5357,1
"org.eclipse.swt",0.0078019,0.038540964,1,0.386196769,0.935816078,87.66666667,0,0.2989,0.5,-1.5,0.5085,0.0011,0.9834,0
"org.eclipse.swt.accessibility",0.010714286,0.009278972,0.666666667,0.325,0.895,0.866666667,0.066666667,0.2929,0.9825,0.9474,0.2929,0.1969,0.3333,0
"org.eclipse.swt.awt",0,1,1,1,0,0,0,0.2929,1,1,0.2929,0,1,3
"org.eclipse.swt.browser",0.018181818,0.037698413,0.666666667,0.5,0.740740741,0.176470588,0.264705882,0.2929,1,0.9938,0.2929,0.1752,0.1429,11
"org.eclipse.swt.custom",0.005136986,0.006638389,0.333333333,0.064074238,0.865541534,5.918367347,0.346938776,0.2929,1,0.9564,0.2929,0.0144,0.6189,9
"org.eclipse.swt.dnd",0.024260355,0.020684833,0.841666667,0.28,0.67172417,2.835443038,0.101265823,0.2929,1,1,0.2929,0.1451,0.2288,4
"org.eclipse.swt.events",0.016604829,0.007096864,0.824324324,0.084260731,0.831810899,7.571428571,0.380952381,0.2929,1,1,0.2929,0.011,0.7845,0
"org.eclipse.swt.graphics",0.014766848,0.025841483,0.857142857,0.169498636,0.701769815,11.54285714,0.171428571,0.2929,0.9961,0.9258,0.2929,0.0271,0.4707,12
"org.eclipse.swt.internal",0.006574761,0.011964177,0.622222222,0.189655172,0.893975426,2.291666667,0.5,0.2929,0.9,0.9,0.2929,0.0645,0.9,0
"org.eclipse.swt.internal.accessibility.gtk",0.75,0.052631579,1,1,1,1,1,0.5,1,-2,1,0.4615,0.1667,0
"org.eclipse.swt.internal.carbon",0.058851675,0.003419687,0.73257468,0.25,0.581839904,1.461538462,1,0.2929,1,1,0.2929,0.0338,0.1556,1
"org.eclipse.swt.internal.gnome",1,0.058823529,1,1,1,1,1,0.5,1,-1,1,0.3333,0.5,1
"org.eclipse.swt.internal.gtk",0.049084249,0.001968706,0.512195122,0.148809524,0.706452922,1.162790698,0.976744186,0.2929,1,-61,0.2929,0.0603,0.087,10
"org.eclipse.swt.internal.image",0,1,1,1,1,0.025641026,0.102564103,0.2929,0.9833,0.3833,0.2929,0.6594,0.032,1
"org.eclipse.swt.internal.motif",0.062150056,0.002900686,0.611336032,0.222222222,0.499920179,1.333333333,1,0.2929,1,1,0.2929,0.056,0.1148,0
"org.eclipse.swt.internal.mozilla",0.186868687,0.0625,1,1,1,0.746268657,0.029850746,0.2929,1,0.5,0.2929,0.4312,0.016,1
"org.eclipse.swt.internal.ole.win32",0.100961538,0.082758385,0.77076412,0.313953488,0.652509653,1.018867925,0.452830189,0.2929,1,1,0.2929,0.19,0.0583,0
"org.eclipse.swt.internal.photon",0.096072931,0.004727904,0.531034483,0.273333333,0.523785104,1.28125,1,0.2929,1,-13,0.5,0.0507,0.1304,0
"org.eclipse.swt.internal.win32",0.036595745,0.002791992,0.68814433,0.129334583,0.515364112,1.366336634,0.99009901,0.2929,1,-33,0.2929,0.029,0.0774,4
"org.eclipse.swt.layout",0.109812613,0.020236134,0.857142857,0.29004329,0.910564432,41.875,0,0.2929,1,1,0.2929,0.0025,0.9718,0
"org.eclipse.swt.ole.win32",0.25,0.06462585,1,0.619047619,0.784126984,0.928571429,0.428571429,0.2929,1,0.9333,0.3886,0.0955,0.2045,1
"org.eclipse.swt.printing",0.133333333,0.021168401,1,0.777777778,0.851851852,0.636363636,0,0.2929,1,1,0.2929,0.1267,0.4167,1
"org.eclipse.swt.program",0,1,1,1,1,1.6,0,0.2929,1,1,0.2929,0.0519,0.84,4
"org.eclipse.swt.tools.internal",0,1,1,1,0,0,0,0.2929,1,0.9167,0.2929,0.7073,0.0938,0
"org.eclipse.swt.widgets",0.011666302,0.023153625,0.744680851,0.168085106,0.610109563,11.12135922,0.033980583,0.2929,0.9995,0.9685,0.2929,0.0116,0.2167,65
"org.eclipse.team.core",0.0215311,0.020332081,0.727272727,0.2228739,0.723161637,6.333333333,0.166666667,0.2929,0.9615,0.9103,0.2929,0.0133,0.6429,1
"org.eclipse.team.core.subscribers",0.137931034,0.037121348,1,0.527777778,0.784979424,4.75,0.25,0.331,1,0.8667,0.331,0.0241,0.7143,0
"org.eclipse.team.core.synchronize",0.142857143,0.04145904,1,0.46875,0.69286541,5.625,0.125,0.3217,0.9744,0.8718,0.3217,0.0176,0.5278,3
"org.eclipse.team.core.variants",0.048387097,0.029390841,0.866666667,0.230769231,0.813445102,2,0.066666667,0.2929,0.9688,0.9375,0.2929,0.1069,0.3929,1
"org.eclipse.team.internal.ccvs.core",0.073703704,0.026502715,0.778225806,0.365808824,0.63848439,5.378378378,0.081081081,0.2929,0.9689,0.8949,0.2929,0.0181,0.2236,7
"org.eclipse.team.internal.ccvs.core.client",0.022558923,0.022951702,0.620915033,0.244444444,0.632564103,0.785714286,0.053571429,0.2929,0.9821,0.8657,0.2929,0.0877,0.081,4
"org.eclipse.team.internal.ccvs.core.client.listeners",0.042222222,0.014272487,0.333333333,0.229166667,0.753174603,1.157894737,0.105263158,0.2929,0.9841,0.9841,0.2929,0.031,0.5833,1
"org.eclipse.team.internal.ccvs.core.connection",0.013071895,0.032037037,0.666666667,0.363636364,0.862258953,1.6,0,0.2929,0.9556,0.9556,0.2929,0.0149,0.6667,4
"org.eclipse.team.internal.ccvs.core.resources",0.021680217,0.029323536,0.782051282,0.258241758,0.70952381,2.473684211,0,0.2929,0.9848,0.9291,0.2929,0.0184,0.3086,9
"org.eclipse.team.internal.ccvs.core.syncinfo",0.051383399,0.025421783,0.745454545,0.272727273,0.746990741,3,0,0.2929,0.9903,0.9417,0.2929,0.0192,0.6316,6
"org.eclipse.team.internal.ccvs.core.util",0.024852071,0.022913282,0.690909091,0.287878788,0.710416667,2.714285714,0.071428571,0.2929,0.9355,0.9355,0.2929,0.0114,0.7188,1
"org.eclipse.team.internal.ccvs.ssh",0,1,1,1,1,0.083333333,0.25,0.2929,1,0.8333,0.2929,0.4808,0.2188,0
"org.eclipse.team.internal.ccvs.ssh2",0,1,1,1,0,0,0.090909091,0.2929,1,0.9268,0.2929,0.2039,0.4167,0
"org.eclipse.team.internal.ccvs.ui",0.018047481,0.010601872,0.447089947,0.245535714,0.665038607,0.846153846,0.092307692,0.2929,0.9972,0.9825,0.2929,0.0335,0.2926,21
"org.eclipse.team.internal.ccvs.ui.actions",0.001831502,0.00687265,0.333333333,0.333333333,0.791666667,0.2,0.1,0.2929,1,0.9976,0.2929,0.0527,0.5,7
"org.eclipse.team.internal.ccvs.ui.console",0,1,1,1,1,0.333333333,0,0.2929,0.9756,0.9512,0.2929,0.069,0.8,2
"org.eclipse.team.internal.ccvs.ui.merge",0.1,0.016141515,1,0.833333333,0.916666667,0.833333333,0,0.2929,1,1,0.2929,0.0456,0.75,1
"org.eclipse.team.internal.ccvs.ui.model",0.03,0.011733477,0.58974359,0.261538462,0.793777778,0.653846154,0,0.2929,1,0.9825,0.2929,0.1077,0.3333,0
"org.eclipse.team.internal.ccvs.ui.operations",0.021367521,0.010369985,0.434782609,0.260869565,0.657546898,1.071428571,0,0.2929,1,0.9979,0.2929,0.0352,0.459,10
"org.eclipse.team.internal.ccvs.ui.repo",0.008210181,0.018247497,1,0.464285714,0.790816327,0.590909091,0.090909091,0.2929,0.9944,0.9664,0.2929,0.034,0.5663,5
"org.eclipse.team.internal.ccvs.ui.subscriber",0,0.007936508,0.333333333,0.416666667,0.9375,0.161290323,0.032258065,0.2929,1,0.9837,0.2929,0.0878,0.4556,9
"org.eclipse.team.internal.ccvs.ui.sync",1,1,1,1,1,1,0,0.5,1,1,0.2929,0,1,0
"org.eclipse.team.internal.ccvs.ui.wizards",0,0.015661939,0.666666667,0.288888889,0.851428571,0.481481481,0.074074074,0.2929,1,0.9984,0.2929,0.063,0.45,9
"org.eclipse.team.internal.core",0.030612245,0.016017612,0.435897436,0.182692308,0.7828125,2,0.157894737,0.2929,0.9444,0.8778,0.2929,0.0494,0.5227,3
"org.eclipse.team.internal.core.simpleAccess",0,1,1,1,0,0,0,0.2929,1,1,0.2929,0,1,0
"org.eclipse.team.internal.core.streams",0.30952381,0.026764241,0.428571429,0.457142857,0.966666667,2,0,0.2929,1,1,0.2929,0,1,0
"org.eclipse.team.internal.core.subscribers",0.022727273,0.008909774,0.194444444,0.222222222,0.98,0.588235294,0.117647059,0.2929,0.9836,0.9426,0.2929,0.1079,0.3182,3
"org.eclipse.team.internal.ui",0.07173913,0.02743783,1,0.483516484,0.725556495,4,0.272727273,0.2929,0.9756,0.9431,0.2929,0.0039,0.7963,5
"org.eclipse.team.internal.ui.actions",0.055555556,0.017241379,0.5,0.375,1,1.2,0,0.2929,1,1,0.2929,0.0081,0.8696,1
"org.eclipse.team.internal.ui.dialogs",0.047058824,0.00387349,0.2,0.285714286,0.969387755,1.666666667,0,0.2929,1,0.9882,0.2929,0.0111,0.8696,3
"org.eclipse.team.internal.ui.preferences",0,1,1,1,1,0.2,0.2,0.2929,1,1,0.2929,0.0315,0.8182,1
"org.eclipse.team.internal.ui.registry",0.25,0.02,1,0.466666667,0.822222222,1.4,0.2,0.3991,1,1,0.3991,0.0513,0.6923,1
"org.eclipse.team.internal.ui.synchronize",0.015993266,0.010017884,0.427536232,0.215277778,0.717592593,0.688888889,0.066666667,0.2929,0.9848,0.9628,0.2929,0.0739,0.365,11
"org.eclipse.team.internal.ui.synchronize.actions",0.029411765,0.015555556,0.777777778,0.5,1,0.5,0,0.2929,0.9888,0.9813,0.2929,0.0285,0.766,6
"org.eclipse.team.internal.ui.wizards",0,1,1,1,1,0.090909091,0,0.2929,1,0.9838,0.2929,0.0574,0.6579,2
"org.eclipse.team.ui",0.027355623,0.014758302,0.642857143,0.302083333,0.754166667,3.625,0.375,0.2929,0.9744,0.9744,0.2929,0.0077,0.9355,1
"org.eclipse.team.ui.synchronize",0.061288633,0.020958892,0.930735931,0.289256198,0.664943915,2.916666667,0.041666667,0.2929,0.974,0.9091,0.2929,0.0313,0.4554,6
"org.eclipse.text.edits",0.068027211,0.046980901,0.766666667,0.248161765,0.642418438,6.136363636,0.045454545,0.2929,1,0.2632,0.2929,0.0784,0.2846,0
"org.eclipse.tomcat.internal",0,1,1,1,0,0,0,0.2929,1,1,0.2929,0.2333,0.3636,0
"org.eclipse.ui",0.020601395,0.012266388,0.69481654,0.083707212,0.572616758,19.5631068,0.388349515,0.2929,0.9848,0.9394,0.2929,0.0084,0.6172,9
"org.eclipse.ui.about",1,1,1,1,1,3,1,0.5,0,0,0.2929,1,1,0
"org.eclipse.ui.actions",0.01008547,0.011328243,0.541231127,0.056910569,0.883902013,3.698113208,0,0.2929,0.9949,0.986,0.2929,0.0242,0.6631,0
"org.eclipse.ui.activities",0.079365079,0.144759034,0.947368421,0.195488722,0.752463949,4.105263158,0.263157895,0.2929,1,1,0.2929,0.0692,0.5686,0
"org.eclipse.ui.application",0.19047619,0.013768116,1,0.55,0.82,2.75,0,0.4169,0.9706,0.9118,0.4169,0.04,0.76,7
"org.eclipse.ui.branding",0,0.010869565,1,0.666666667,0.888888889,2,1,0.3991,0,0,0.3991,1,1,0
"org.eclipse.ui.carbon",0,1,1,1,0,0,0,0.2929,1,1,0.2929,0,1,0
"org.eclipse.ui.cheatsheets",0.0703125,0.032014217,0.642857143,0.3125,0.885416667,2.222222222,0.111111111,0.2929,1,1,0.2929,0.0702,0.8095,0
"org.eclipse.ui.commands",0.111111111,0.03758482,0.790513834,0.242562929,0.65842457,4.24,0.36,0.2929,1,1,0.2929,0.121,0.4194,0
"org.eclipse.ui.console",0.18,0.045218805,1,0.347222222,0.794704861,2.777777778,0.111111111,0.331,0.9231,0.6154,0.3959,0.0787,0.525,0
"org.eclipse.ui.console.actions",0.666666667,0.038095238,1,0.777777778,0.851851852,2.333333333,0,0.473,1,0.96,0.473,0.0357,0.875,2
"org.eclipse.ui.contentassist",0,1,1,1,1,2,0,0.2929,1,1,0.2929,0,1,0
"org.eclipse.ui.contexts",0.166666667,0.102550355,0.888888889,0.395061728,0.738095238,3.2,0.3,0.2929,1,1,0.2929,0.1692,0.5217,0
"org.eclipse.ui.dialogs",0.018757427,0.007703828,0.304409673,0.083237986,0.739956904,6.613636364,0.090909091,0.2929,1,0.9915,0.2929,0.0111,0.7193,1
"org.eclipse.ui.editors.text",0.00754717,0.006506447,0.358333333,0.125,0.862397606,2.19047619,0.333333333,0.2929,0.9869,0.9738,0.2929,0.0543,0.5591,1
"org.eclipse.ui.editors.text.templates",0.333333333,0.025595238,1,1,1,1.333333333,0,0.2929,1,1,0.2929,0.0156,0.9091,3
"org.eclipse.ui.externaltools.internal.launchConfigurations",0.06,0.025110967,0.8,0.55,0.760416667,1.833333333,0.333333333,0.2929,1,0.988,0.2929,0.0271,0.8,0
"org.eclipse.ui.externaltools.internal.menu",0,1,1,1,0,0,1,0.2929,1,1,0.2929,0,1,0
"org.eclipse.ui.externaltools.internal.model",0.088888889,0.036978311,0.892857143,0.328125,0.769642857,2.1,0.3,0.2929,1,0.9403,0.2929,0.0819,0.5641,1
"org.eclipse.ui.externaltools.internal.program.launchConfigurations",0,1,1,1,1,0.166666667,0.333333333,0.2929,1,1,0.2929,0.1148,0.6818,0
"org.eclipse.ui.externaltools.internal.registry",1,1,1,1,1,1,0,0.5,1,1,0.2929,0.0417,0.8571,0
"org.eclipse.ui.externaltools.internal.ui",0,0,0,0.333333333,1,0.833333333,0,0.2929,1,1,0.2929,0.0443,0.7778,4
"org.eclipse.ui.externaltools.internal.variables",0,1,1,1,0,0,0.333333333,0.2929,1,1,0.2929,0.0588,0.8,0
"org.eclipse.ui.forms",0.038095238,0.013776024,0.490909091,0.202020202,0.855761317,3.076923077,0.153846154,0.2929,1,0.9375,0.2929,0.0596,0.54,0
"org.eclipse.ui.forms.editor",0.130434783,0.020122356,1,0.888888889,0.925925926,5.333333333,0,0.456,1,0.8571,0.6429,0.0126,0.7143,2
"org.eclipse.ui.forms.events",0.08,0.015927128,0.6,0.333333333,0.881944444,1.666666667,0,0.2929,1,1,0.2929,0.0632,0.7143,0
"org.eclipse.ui.forms.widgets",0.092920354,0.030713046,0.716666667,0.315340909,0.578839979,5.285714286,0.095238095,0.2929,0.9939,0.9634,0.2929,0.0122,0.4819,0
"org.eclipse.ui.help",0,0.035714286,1,0.503968254,0.99606324,25.4,0,0.2929,1,0.9643,0.2929,0.0011,0.9527,0
"org.eclipse.ui.ide",0.022222222,0.013622786,0.833333333,0.297619048,0.935185185,12.5,0.75,0.2929,0.96,0.96,0.2929,0.001,0.9825,0
"org.eclipse.ui.internal",0.005373134,0.00955237,0.379535559,0.080309627,0.724825367,0.821782178,0.099009901,0.2929,0.9888,0.9163,0.2929,0.1023,0.1148,3
"org.eclipse.ui.internal.about",0.214285714,0.02,1,1,1,0.625,0.25,0.2929,1,1,0.2929,0.1391,0.6522,60
"org.eclipse.ui.internal.actions",0.5,0.008333333,1,1,1,0.6,0,0.5,0.9474,0.9474,0.5,0,1,2
"org.eclipse.ui.internal.activities",0.05,0.071428571,1,1,1,0.095238095,0.095238095,0.2929,1,1,0.2929,0.3736,0.1282,0
"org.eclipse.ui.internal.activities.ws",0.044444444,0.006,0.3,0.333333333,1,0.5,0,0.2929,1,1,0.2929,0.0581,0.6667,0
"org.eclipse.ui.internal.cheatsheets",0.378787879,0.049087691,1,0.625,0.900462963,3.75,0.25,0.3491,0.9545,0.9545,0.3491,0.0271,0.7368,0
"org.eclipse.ui.internal.cheatsheets.actions",0,1,1,1,1,0.166666667,0,0.2929,0.9855,0.9855,0.2929,0.0368,0.8571,1
"org.eclipse.ui.internal.cheatsheets.data",0.154761905,0.041666667,1,1,1,0.8,0.133333333,0.2929,1,1,0.2929,0.32,0.1837,4
"org.eclipse.ui.internal.cheatsheets.dialogs",0,0.055555556,1,1,1,1,0,0.5,1,1,0.5,0.0123,0.9231,0
"org.eclipse.ui.internal.cheatsheets.registry",0.166666667,0.056299603,0.7,0.52,0.746666667,1.857142857,0,0.2929,0.9833,0.9833,0.2929,0.0373,0.5714,0
"org.eclipse.ui.internal.cheatsheets.views",0.038461538,0.048366013,0.466666667,0.388888889,0.944444444,0.5,0.071428571,0.2929,0.9946,0.9409,0.2929,0.0893,0.4706,0
"org.eclipse.ui.internal.commands",0.08,0.041666667,1,1,1,0.115384615,0.076923077,0.2929,1,0.984,0.2929,0.314,0.2169,0
"org.eclipse.ui.internal.commands.ws",0.041666667,0.003623188,0.333333333,0.444444444,0.944444444,0.444444444,0.333333333,0.2929,0.9917,0.975,0.2929,0.0387,0.7742,0
"org.eclipse.ui.internal.console",0.076923077,0.02755102,0.428571429,0.5,1,0.5,0.142857143,0.2929,0.9864,0.9592,0.2929,0.1048,0.4884,0
"org.eclipse.ui.internal.contexts",0.166666667,0.076923077,1,1,1,0.230769231,0.230769231,0.2929,1,1,0.2929,0.4494,0.2,5
"org.eclipse.ui.internal.contexts.ws",0,1,1,1,1,1.5,0,0.2929,0.9286,0.9286,0.2929,0,1,6
"org.eclipse.ui.internal.decorators",0.0375,0.011630435,1,0.75,0.875,0.352941176,0,0.2929,0.9892,0.9247,0.2929,0.1748,0.3455,4
"org.eclipse.ui.internal.dialogs",0.004901961,0.003062518,0.182539683,0.107142857,0.936631944,0.52173913,0.086956522,0.2929,0.9971,0.9875,0.2929,0.0616,0.3636,20
"org.eclipse.ui.internal.dnd",0.111111111,0.012177939,1,0.533333333,0.788888889,1.142857143,0.428571429,0.2929,1,0.9333,0.2929,0.0359,0.5,1
"org.eclipse.ui.internal.editors.quickdiff",0,1,1,1,0,0,0,0.2929,1,0.95,0.5,0.0909,0.8182,0
"org.eclipse.ui.internal.editors.text",0.003344482,0.019230769,1,0.5,0.875,0.25,0.166666667,0.2929,0.9899,0.9849,0.2929,0.1278,0.4146,0
"org.eclipse.ui.internal.editorsupport",1,1,1,1,1,1,0,0.5,1,1,0.2929,0,1,0
"org.eclipse.ui.internal.editorsupport.win32",0,1,1,1,0,0,0,0.2929,1,1,0.2929,0,1,0
"org.eclipse.ui.internal.forms",0,1,1,1,0,0,0,0.2929,1,1,0.2929,0.0741,0.75,0
"org.eclipse.ui.internal.forms.widgets",0.060606061,0.027777778,1,0.5625,0.78125,0.75,0,0.2929,0.9804,0.9412,0.2929,0.1262,0.2571,0
"org.eclipse.ui.internal.gestures",0,1,1,1,0,0,0.2,0.2929,1,1,0.3415,0.3571,0.4444,0
"org.eclipse.ui.internal.ide",0.037598204,0.014249864,0.714285714,0.223529412,0.682485757,2.035714286,0.178571429,0.2929,0.9941,0.9883,0.2929,0.0322,0.5566,12
"org.eclipse.ui.internal.ide.actions",0.125,0.016666667,1,1,1,0.222222222,0,0.2929,1,1,0.2929,0.0206,0.8148,2
"org.eclipse.ui.internal.ide.dialogs",0.002096436,0.002649393,0.217948718,0.175824176,0.926530612,0.296296296,0.055555556,0.2929,1,0.9807,0.2929,0.0624,0.3805,6
"org.eclipse.ui.internal.ide.misc",0,0.004522739,0.285714286,0.333333333,1,0.875,0,0.2929,1,0.9922,0.2929,0.0112,0.84,1
"org.eclipse.ui.internal.ide.model",0,1,1,1,1,0.066666667,0.133333333,0.2929,1,0.9826,0.2929,0.1172,0.4667,0
"org.eclipse.ui.internal.ide.registry",0.085714286,0.008279012,0.333333333,0.361111111,0.893518519,1.181818182,0,0.2929,0.9857,0.9143,0.2929,0.065,0.4063,1
"org.eclipse.ui.internal.ide.update",0,1,1,1,0,0,0,0.2929,1,1,0.2929,0,1,0
"org.eclipse.ui.internal.intro",0.090909091,0.010869565,1,0.583333333,0.791666667,1,0.142857143,0.2929,0.96,0.96,0.2929,0.1231,0.5,0
"org.eclipse.ui.internal.intro.impl",0.444444444,0.068192918,1,1,1,7,0.5,0.5,0.8889,0.8889,0.5,0,1,0
"org.eclipse.ui.internal.intro.impl.html",0.25,0.047619048,1,1,1,0.4,0.2,0.2929,1,1,0.2929,0.2326,0.375,0
"org.eclipse.ui.internal.intro.impl.model",0.189393939,0.069893783,0.71,0.364444444,0.556261539,3.28,0,0.2929,0.99,0.83,0.2929,0.0923,0.2574,0
"org.eclipse.ui.internal.intro.impl.model.loader",0.25,0.04230057,1,0.6,0.790625,2.4,0,0.375,1,0.9091,0.375,0.0645,0.6154,0
"org.eclipse.ui.internal.intro.impl.model.viewer",0,1,1,1,0,0,0,0.5,1,1,0.5,0,1,0
"org.eclipse.ui.internal.intro.impl.parts",0,1,1,1,1,0.666666667,0,0.2929,0.9861,0.9583,0.2929,0.0343,0.8333,0
"org.eclipse.ui.internal.intro.impl.presentations",0.666666667,0.038461538,1,1,1,0.75,0,0.2929,1,0.9762,0.2929,0.0161,0.913,0
"org.eclipse.ui.internal.intro.impl.swt",0.333333333,0.047619048,1,0.6,0.8,0.857142857,0,0.2929,1,1,0.2929,0.0688,0.5,0
"org.eclipse.ui.internal.intro.impl.util",0.084615385,0.039562475,0.8,0.351851852,0.79218107,3.166666667,0,0.2929,0.9821,0.9821,0.2929,0.0143,0.84,0
"org.eclipse.ui.internal.keys",0.029411765,0.023529412,0.4,0.333333333,1,0.333333333,0.055555556,0.2929,0.9922,0.9612,0.2929,0.1174,0.5102,3
"org.eclipse.ui.internal.layout",0.070707071,0.007298137,0.571428571,0.357142857,0.941666667,0.833333333,0.166666667,0.2929,1,0.95,0.2929,0.1065,0.3333,0
"org.eclipse.ui.internal.misc",0.010416667,0.010917545,0.733333333,0.273809524,0.878571429,1.210526316,0.105263158,0.2929,0.9868,0.9605,0.2929,0.0554,0.7895,4
"org.eclipse.ui.internal.presentations",0.024064171,0.008346002,0.436363636,0.333333333,1,0.314285714,0.142857143,0.2929,0.9975,0.9898,0.2929,0.1098,0.3068,5
"org.eclipse.ui.internal.presentations.r21",0.333333333,0.037037037,1,1,1,0.666666667,0,0.2929,1,1,0.2929,0.0769,0.875,0
"org.eclipse.ui.internal.presentations.r21.widgets",0.222222222,0.037037037,1,1,1,0.714285714,0.285714286,0.2929,1,0.9643,0.3112,0.0541,0.4286,0
"org.eclipse.ui.internal.progress",0.001633987,0.004851622,0.380952381,0.244897959,0.87244898,0.324324324,0,0.2929,0.9912,0.8941,0.2929,0.1973,0.1943,8
"org.eclipse.ui.internal.registry",0.036931818,0.01233892,0.876847291,0.179310345,0.874276316,1.575757576,0.03030303,0.2929,0.9648,0.9258,0.2929,0.0634,0.3176,9
"org.eclipse.ui.internal.testing",1,1,1,1,1,1,0,0.5,1,1,0.2929,0,1,0
"org.eclipse.ui.internal.texteditor",0.024242424,0.005435076,0.523809524,0.261904762,0.911111111,0.916666667,0,0.2929,0.9846,0.9154,0.2929,0.0681,0.5909,0
"org.eclipse.ui.internal.texteditor.quickdiff",0.133333333,0.048611111,0.777777778,0.305555556,0.890625,1.1,0,0.2929,0.9756,0.9756,0.2929,0.0785,0.5517,1
"org.eclipse.ui.internal.texteditor.quickdiff.compare.rangedifferencer",0.142857143,0.0625,1,1,1,0.375,0,0.2929,0.875,0.875,0.2929,0.3377,0.2778,0
"org.eclipse.ui.internal.themes",0.072727273,0.005084541,0.444444444,0.333333333,1,0.391304348,0.173913043,0.2929,0.9876,0.9379,0.2929,0.2308,0.2414,2
"org.eclipse.ui.internal.util",0.002773925,0.01837523,0.380952381,0.201058201,0.905807042,4.75,0,0.2929,1,1,0.2929,0.018,0.9167,0
"org.eclipse.ui.internal.views",0,1,1,1,0,0,0,0.2929,1,1,0.2929,0,1,0
"org.eclipse.ui.intro",0.12962963,0.027083127,1,0.512820513,0.873767258,6.666666667,0,0.3195,1,1,0.3195,0.0198,0.8947,0
"org.eclipse.ui.intro.config",0.166666667,0.036823821,1,0.48,0.78,2.4,0.2,0.2929,0.9412,0.9412,0.2929,0.0094,0.9474,0
"org.eclipse.ui.keys",0.12,0.035737374,0.872727273,0.204545455,0.835763889,2.454545455,0.363636364,0.2929,1,0.6,0.2929,0.0914,0.4444,0
"org.eclipse.ui.model",0.032719836,0.020409977,0.861111111,0.201709402,0.862792899,11.8,0,0.2929,1,1,0.2929,0.0057,0.9176,2
"org.eclipse.ui.part",0.011257036,0.009092373,0.369892473,0.08952519,0.855513273,5.880952381,0.166666667,0.2929,0.9967,0.9316,0.2929,0.0199,0.6647,7
"org.eclipse.ui.plugin",1,1,1,1,1,158,0,0.5,0.9412,0.8824,0.2929,2e-04,0.994,1
"org.eclipse.ui.presentations",0.136904762,0.03158548,1,0.472222222,0.763888889,1.888888889,0.111111111,0.375,1,1,0.375,0.0274,0.52,2
"org.eclipse.ui.progress",0.019047619,0.014415893,0.464285714,0.165816327,0.940344301,8.125,0.125,0.2929,1,1,0.2929,0.0149,0.9014,3
"org.eclipse.ui.testing",0.333333333,0.2,1,0.666666667,0.888888889,2,0.5,0.473,1,1,0.473,0.1667,0.8,0
"org.eclipse.ui.texteditor",0.009586734,0.008992004,0.595294118,0.072072072,0.75765015,2.893617021,0.20212766,0.2929,0.9952,0.9424,0.2929,0.0324,0.2784,8
"org.eclipse.ui.texteditor.link",1,1,1,1,1,3,0,0.5,1,1,0.2929,0.0444,0.8571,0
"org.eclipse.ui.texteditor.quickdiff",0.095238095,0.030637255,0.666666667,0.466666667,0.9,1.75,0,0.2929,1,1,0.3991,0.0472,0.8421,0
"org.eclipse.ui.texteditor.templates",0,1,1,1,1,0.222222222,0,0.2929,1,0.9915,0.4364,0.0756,0.6389,0
"org.eclipse.ui.themes",0.157894737,0.043833695,1,0.541666667,0.868055556,2.6,0.2,0.2929,1,1,0.2929,0.0513,0.8235,0
"org.eclipse.ui.views.bookmarkexplorer",0,1,1,1,0,0,0.066666667,0.2929,1,0.8966,0.3054,0.2055,0.3182,0
"org.eclipse.ui.views.contentoutline",0.057692308,0.012710212,0.666666667,0.424242424,0.896694215,4.666666667,0.333333333,0.2929,1,1,0.2929,0.0117,0.9048,0
"org.eclipse.ui.views.framelist",0.285714286,0.02027091,1,0.9,0.95,1.5,0.166666667,0.2929,1,0.9574,0.2929,0.1645,0.2558,0
"org.eclipse.ui.views.markers",0,1,1,1,0,0,0,0.2929,1,1,0.2929,0,1,0
"org.eclipse.ui.views.markers.internal",0.007462687,0.002777778,0.333333333,0.5,1,0.044117647,0.088235294,0.2929,1,0.9782,0.2929,0.2489,0.1255,6
"org.eclipse.ui.views.navigator",0,0,0,0.25,1,0.71875,0.0625,0.2929,1,0.9907,0.2929,0.1499,0.3261,3
"org.eclipse.ui.views.properties",0.034053156,0.017718511,0.666666667,0.327272727,0.771723731,1.24137931,0.172413793,0.2929,1,0.985,0.2929,0.1387,0.3258,0
"org.eclipse.ui.views.tasklist",0,0,0,0.5,1,0.153846154,0.115384615,0.2929,1,0.8818,0.4971,0.2187,0.2302,0
"org.eclipse.ui.wizards.datatransfer",0.049107143,0.029836939,1,0.625,0.752314815,0.517241379,0.068965517,0.2929,1,1,0.2929,0.1308,0.3077,1
"org.eclipse.ui.wizards.newresource",0,0.004934988,0.333333333,0.3125,0.953125,2,0,0.2929,1,1,0.2929,0.0183,0.8286,1
"org.eclipse.update.configuration",0.095588235,0.027659974,0.888888889,0.361538462,0.744345825,3.615384615,0.153846154,0.2929,0.96,0.8,0.2929,0.0242,0.5455,0
"org.eclipse.update.configurator",0.354166667,0.054360295,1,0.636363636,0.847107438,7,0,0.3243,1,1,0.3243,0.0719,0.6842,0
"org.eclipse.update.core",0.054186047,0.046109857,0.898520085,0.192760943,0.598928215,4.490196078,0.117647059,0.2929,0.948,0.8555,0.2929,0.0483,0.1455,4
"org.eclipse.update.core.model",0.051282051,0.037497297,0.948529412,0.262443439,0.755645957,3.052631579,0.052631579,0.2929,0.9286,0.8214,0.2929,0.1367,0.25,0
"org.eclipse.update.internal.configurator",0.064814815,0.031990232,0.533333333,0.366666667,0.92,0.578947368,0.052631579,0.2929,1,0.7667,0.2929,0.318,0.1882,1
"org.eclipse.update.internal.configurator.branding",0.666666667,0.058823529,1,1,1,0.75,0.5,0.2929,1,1,0.2929,0.0769,0.8,0
"org.eclipse.update.internal.core",0.017169271,0.020363166,0.438405797,0.129166667,0.774077381,1.033333333,0.1,0.2929,0.9883,0.9534,0.2929,0.0932,0.1535,12
"org.eclipse.update.internal.mirror",0,1,1,1,1,0.333333333,0,0.2929,1,1,0.2929,0.0366,0.7,0
"org.eclipse.update.internal.model",0.15625,0.030612245,1,0.375,0.84375,1.333333333,0,0.2929,0.9714,0.8571,0.2929,0.0815,0.4643,0
"org.eclipse.update.internal.operations",0.014705882,0.024811546,0.619047619,0.242857143,0.83,0.944444444,0,0.2929,0.9955,0.9911,0.2929,0.0465,0.3621,2
"org.eclipse.update.internal.scheduler",0.5,0.125,1,1,1,0.666666667,0,0.2929,1,0.907,0.5,0.0976,0.7391,1
"org.eclipse.update.internal.scheduler.preferences",0,1,1,1,0,0,0,0.2929,1,1,0.2929,0,1,0
"org.eclipse.update.internal.search",0,0,0,0.25,1,0.857142857,0,0.2929,0.975,0.925,0.2929,0.1384,0.5417,2
"org.eclipse.update.internal.security",0,1,1,1,1,0.2,0,0.2929,1,1,0.2929,0.1875,0.4,0
"org.eclipse.update.internal.ui",0.029090909,0.056243744,1,0.541666667,0.817708333,2.166666667,0,0.2929,0.9722,0.9444,0.2929,0.0062,0.7619,2
"org.eclipse.update.internal.ui.model",0.062091503,0.020191801,0.575757576,0.416666667,0.775,1.052631579,0.052631579,0.2929,0.9901,0.9208,0.2929,0.085,0.2745,3
"org.eclipse.update.internal.ui.parts",0.064102564,0.028665029,1,0.7,0.88,1,0,0.2929,1,1,0.2929,0.0128,0.8824,1
"org.eclipse.update.internal.ui.preferences",0,1,1,1,0,0,0,0.2929,1,1,0.2929,0,1,2
"org.eclipse.update.internal.ui.properties",0,1,1,1,0,0,0,0.2929,1,1,0.2929,0,1,1
"org.eclipse.update.internal.ui.security",0,0,0,0.5,1,0.333333333,0.166666667,0.2929,1,0.9836,0.2929,0.0903,0.6957,1
"org.eclipse.update.internal.ui.servlets",0,1,1,1,0,0,0,0.2929,1,1,0.473,0.05,0.9231,0
"org.eclipse.update.internal.ui.views",0,1,1,1,1,0.076923077,0,0.2929,0.9955,0.9775,0.4944,0.0635,0.6471,9
"org.eclipse.update.internal.ui.wizards",0.013333333,0.017047223,0.476190476,0.285714286,0.916666667,0.461538462,0.153846154,0.2929,1,0.9726,0.2929,0.0974,0.3854,9
"org.eclipse.update.operations",0.142857143,0.052729374,0.901098901,0.341269841,0.756426084,2.866666667,0.533333333,0.2929,1,0.8947,0.2929,0.0474,0.3333,1
"org.eclipse.update.search",0.083333333,0.041272911,0.545454545,0.376623377,0.72244898,2.230769231,0.384615385,0.2929,1,1,0.2929,0.0882,0.3636,1
"org.eclipse.update.standalone",0.03030303,0.142857143,1,1,1,0.166666667,0.583333333,0.2929,1,0.9636,0.5,0.1422,0.25,2
"org.eclipse.update.ui",0,1,1,1,0,0,0,0.5,1,1,0.2929,0,1,0
"org.osgi.framework",0.029182019,0.046173757,1,0.104583333,0.825543981,10.45833333,0.25,0.2929,0,0,0.2929,0.0451,0.7887,0
"org.osgi.service.packageadmin",0.181818182,0.038461538,1,0.466666667,0.893333333,2.333333333,0,0.3597,1,1,0.3597,0.093,0.75,0
"org.osgi.service.permissionadmin",1,0.038461538,1,1,1,1,0,0.5,0,0,0.5,0.6667,0.5,0
"org.osgi.service.prefs",0.195652174,0.059201782,1,0.833333333,0.888888889,6.666666667,0.333333333,0.2929,0,0,0.2929,0.1333,0.8462,0
"org.osgi.service.startlevel",1,1,1,1,1,4,0,0.5,1,1,0.2929,0,1,0
"org.osgi.service.url",0.166666667,0.101388889,0.5,0.5625,0.958333333,2.25,0.25,0.2929,0,0,0.2929,0.4615,0.5714,0
"org.osgi.util.tracker",0.125,0.2,1,0.555555556,0.950617284,5,0,0.331,1,0.8333,0.5556,0.0292,0.8333,0
